-- --------------------------------------------------------
-- Host:                         127.0.0.1
-- Server version:               8.0.26-17 - Percona Server (GPL), Release '17', Revision 'd7119cd'
-- Server OS:                    Linux
-- HeidiSQL Version:             12.1.0.6537
-- --------------------------------------------------------

/*!40101 SET @OLD_CHARACTER_SET_CLIENT=@@CHARACTER_SET_CLIENT */;
/*!40101 SET NAMES utf8 */;
/*!50503 SET NAMES utf8mb4 */;
/*!40103 SET @OLD_TIME_ZONE=@@TIME_ZONE */;
/*!40103 SET TIME_ZONE='+00:00' */;
/*!40014 SET @OLD_FOREIGN_KEY_CHECKS=@@FOREIGN_KEY_CHECKS, FOREIGN_KEY_CHECKS=0 */;
/*!40101 SET @OLD_SQL_MODE=@@SQL_MODE, SQL_MODE='NO_AUTO_VALUE_ON_ZERO' */;
/*!40111 SET @OLD_SQL_NOTES=@@SQL_NOTES, SQL_NOTES=0 */;


-- Dumping database structure for sifung
CREATE DATABASE IF NOT EXISTS `sifung` /*!40100 DEFAULT CHARACTER SET utf8mb4 COLLATE utf8mb4_0900_ai_ci */ /*!80016 DEFAULT ENCRYPTION='N' */;
USE `sifung`;

-- Dumping structure for table sifung.butir
CREATE TABLE IF NOT EXISTS `butir` (
  `jbfg` char(1) CHARACTER SET utf8mb4 COLLATE utf8mb4_0900_ai_ci NOT NULL COMMENT 'kode jabatan fugsional',
  `jjfg` char(1) CHARACTER SET utf8mb4 COLLATE utf8mb4_0900_ai_ci NOT NULL COMMENT 'kode jenjang fungsional',
  `urutbutir` char(3) CHARACTER SET utf8mb4 COLLATE utf8mb4_0900_ai_ci NOT NULL COMMENT 'nomor urut butir fungsional',
  `kdbutir` char(5) CHARACTER SET utf8mb4 COLLATE utf8mb4_0900_ai_ci NOT NULL DEFAULT '' COMMENT 'kode butir fungsional',
  `nmbutir` varchar(300) CHARACTER SET utf8mb4 COLLATE utf8mb4_0900_ai_ci NOT NULL COMMENT 'uraian butir kegiatan fungsional',
  `sat` varchar(30) CHARACTER SET utf8mb4 COLLATE utf8mb4_0900_ai_ci NOT NULL COMMENT 'satuan hasil kegiatan fungsional',
  `ak` decimal(5,3) NOT NULL COMMENT 'angka kredit fungsional',
  KEY `kdbutir` (`kdbutir`)
) ENGINE=InnoDB DEFAULT CHARSET=utf8mb4 COLLATE=utf8mb4_0900_ai_ci COMMENT='butir kegiatan fungsional';

-- Dumping data for table sifung.butir: ~168 rows (approximately)
INSERT INTO `butir` (`jbfg`, `jjfg`, `urutbutir`, `kdbutir`, `nmbutir`, `sat`, `ak`) VALUES
	('D', '1', '001', 'D1001', 'Melakukan pengawasan pelaksanaan kalibrasi peralatan laboratorium eksternal atau kalibrasi internal', 'Dokumen', 0.015),
	('D', '1', '002', 'D1002', 'Melakukan pendampingan/supervisi/pengawasan pelaksanaan atau penilaian hasil pengawasan lalu lintas alat angkut, media pembawa karantina hewan dan keamanan hayati hewani', 'Laporan', 0.045),
	('D', '1', '003', 'D1003', 'Melakukan verifikasi hasil pemeriksaan dokumen', 'Dokumen', 0.003),
	('D', '1', '004', 'D1004', 'Melakukan penilaian kelayakan alat angkut', 'Dokumen', 0.005),
	('D', '1', '005', 'D1005', 'Melakukan tindakan pemeriksaan klinis hewan dan organoleptik, penilaian hasil pemeriksaan klinis hewan dan organoleptik dan menetapkan diagnosa', 'Laporan', 0.003),
	('D', '1', '006', 'D1006', 'Melakukan penilaian pengambilan sampai penyimpanan sampel', 'Laporan', 0.003),
	('D', '1', '007', 'D1007', 'Melakukan kegiatan pengujian, penilaian/supervisi pengujian morfologis (makroskopis, organoleptik, atau mikroskopis)', 'Dokumen', 0.023),
	('D', '1', '008', 'D1008', 'Menentukan teknik dan metode tindakan karantina pengamatan atau tindakan karantina perlakuan pada media pembawa', 'Laporan', 0.013),
	('D', '1', '009', 'D1009', 'Melakukan penilaian dan atau tindakan perlakuan termasuk perlakuan kuratif terhadap media pembawa;', 'Laporan', 0.023),
	('D', '1', '010', 'D1010', 'Menetapkan atau melakukan penilaian tindakan karantina penahanan media pembawa', 'Laporan', 0.023),
	('D', '1', '011', 'D1011', 'Melakukan analisa dan penandatanganan dokumen atas tindakan karantina hewan', 'Dokumen', 0.002),
	('D', '1', '012', 'D1012', 'Melakukan kegiatan pengamatan status situasi penyakit atau pengawasan keamanan hayati hewani', 'Laporan', 0.090),
	('D', '1', '013', 'D1013', 'Melakukan penilaian kegiatan pembuatan atau pemeliharaan, atau pengelolaan koleksi HPHK atau Media Pembawa', 'Laporan', 0.113),
	('D', '1', '014', 'D1014', 'Melakukan kegiatan diseminasi hasil uji terap atau bimbingan teknis pengujian, uji terap, penerapan SMM', 'Laporan', 0.308),
	('D', '1', '015', 'D1015', 'Melakukan kegiatan uji terkait penerapan SMM, uji coba, uji terap atau pengembangan teknik dan metode uji coba, uji terap', 'Laporan', 0.788),
	('D', '1', '016', 'D1016', 'Mengumpulkan data dan informasi tentang jenis SDM, metode, alat atau bahan laboratorium yang akan distandarisasikan', 'Data dan informasi', 0.113),
	('D', '1', '017', 'D1017', 'Melakukan penyusunan dokumen sistem manajemen mutu', 'Laporan', 0.518),
	('D', '1', '018', 'D1018', 'Melakukan kaji ulang Dokumen sistem manajemen mutu', 'Laporan', 0.563),
	('D', '1', '019', 'D1019', 'Melakukan perbaikan atas hasil kaji ulang manajemen', 'Laporan', 0.158),
	('D', '1', '020', 'D1020', 'Melakukan kegiatan audit internal sebagai auditee', 'Laporan', 0.135),
	('D', '1', '021', 'D1021', 'Melakukan penyelidikan dan penyidikan pelanggaran peraturan perkarantinaan di lapangan', 'Laporan', 0.135),
	('D', '2', '022', 'D2022', 'Melakukan identifikasi risiko HPHK', 'Laporan', 0.315),
	('D', '2', '023', 'D2023', 'Melakukan penilaian risiko HPHK', 'Laporan', 0.315),
	('D', '2', '024', 'D2024', 'Melakukan identifikasi kejadian wabah HPHK, kasus baru HPHK, kejadian wabah HPHK di Negara atau daerah lain', 'Laporan', 0.315),
	('D', '2', '025', 'D2025', 'Mengumpulkan bahan/menyusun naskah rancangan kebijakan/peraturan di bidang karantina hewan dan pengawasan keamanan hayati hewani', 'Laporan', 0.315),
	('D', '2', '026', 'D2026', 'Menyusun bahan pedoman/juklak/juknis/SOP Tindakan Karantina Hewan', 'Laporan', 1.125),
	('D', '2', '027', 'D2027', 'Melakukan verifikasi persyaratan administrasi atau teknis hasil penilaian kelayakan IKH', 'Dokumen', 0.090),
	('D', '2', '028', 'D2028', 'Melaksanakan kegiatan monitoring dan evaluasi tindakan karantina hewan/laboratorium karantina hewan/ pengawasan keamanan hayati hewani', 'Laporan', 0.315),
	('D', '2', '029', 'D2029', 'Melakukan identifikasi atas rencana penetapan kawasan karantina', 'Laporan', 0.360),
	('D', '2', '030', 'D2030', 'Menyusun rencana kerja tindakan karantina hewan', 'Laporan', 0.020),
	('D', '2', '031', 'D2031', 'Melakukan pengawasan pelaksanaan kalibrasi peralatan laboratorium eksternal atau analisa hasil kalibrasi internal', 'Laporan', 0.030),
	('D', '2', '032', 'D2032', 'Melakukan pendampingan/supervisi/pengawasan pelaksanaan atau penilaian hasil pengawasan lalu lintas alat angkut, media pembawa karantina hewan dan keamanan hayati hewani', 'Laporan', 0.090),
	('D', '2', '033', 'D2033', 'Melakukan penilaian kelayakan lokasi, sarana prasarana, rancang bangun instalasi karantina hewan', 'Dokumen', 0.090),
	('D', '2', '034', 'D2034', 'Melakukan evaluasi kelayakan IKH di UPT setiap 6 bulan atau sewaktu-waktu', 'Dokumen', 0.090),
	('D', '2', '035', 'D2035', 'Melakukan tindakan pemeriksaan klinis hewan dan organoleptik, penilaian hasil pemeriksaan klinis hewan dan organoleptik dan menetapkan diagnosa', 'Laporan', 0.003),
	('D', '2', '036', 'D2036', 'Menetapkan besaran, cara pengambilan sampel dan jenis sampel untuk pemeriksaan laboratorium', 'Laporan', 0.025),
	('D', '2', '037', 'D2037', 'Melakukan verifikasi/kaji ulang permintaan pengujian laboratorium', 'Dokumen', 0.010),
	('D', '2', '038', 'D2038', 'Melakukan kegiatan pengujian, penilaian pengujian secara serologis sederhana, kimia sederhana, mikrobiologi', 'Dokumen', 0.045),
	('D', '2', '039', 'D2039', 'Menetapkan media pembawa yang akan diasingkan atau tindak lanjut hasil pengasingan', 'Laporan', 0.025),
	('D', '2', '040', 'D2040', 'Melakukan penilaian dan atau tindakan karantina perlakuan termasuk perlakuan kuratif terhadap media pembawa', 'Laporan', 0.045),
	('D', '2', '041', 'D2041', 'Menetapkan tindakan karantina penolakan, penilaian tindakan karantina penolakan terhadap media pembawa atau sampel di laboratorium', 'Laporan', 0.025),
	('D', '2', '042', 'D2042', 'Menetapkan teknik dan metode tindakan karantina pemusnahan', 'Laporan', 0.030),
	('D', '2', '043', 'D2043', 'Melakukan analisa dan penandatanganan dokumen atas tindakan karantina hewan', 'Dokumen', 0.004),
	('D', '2', '044', 'D2044', 'Menyusun rencana kegiatan pengamatan status situasi penyakit atau pengawasan keamanan hayati hewani', 'Laporan', 0.090),
	('D', '2', '045', 'D2045', 'Menyusun rencana kegiatan pengelolaan koleksi HPHK/ Media Pembawa atau menetapkan jenis koleksi', 'Laporan', 0.050),
	('D', '2', '046', 'D2046', 'Menyusun rencana kegiatan diseminasi hasil uji terap atau bimbingan teknis pengujian, uji terap, penerapan SMM', 'Laporan', 0.180),
	('D', '2', '047', 'D2047', 'Melakukan evaluasi hasil kegiatan diseminasi hasil uji terap atau bimbingan teknis pengujian, uji terap, penerapan SMM', 'Laporan', 0.180),
	('D', '2', '048', 'D2048', 'Melakukan kegiatan uji terkait penerapan SMM, uji coba, uji terap atau pengembangan teknik dan metode uji coba, uji terap', 'Laporan', 1.575),
	('D', '2', '049', 'D2049', 'Melakukan penyusunan konsep standarisasi SDM, metode, alat atau bahan laboratorium', 'Laporan', 0.450),
	('D', '2', '050', 'D2050', 'Melakukan penyusunan dokumen sistem manajemen mutu', 'Laporan', 1.035),
	('D', '2', '051', 'D2051', 'Melakukan kaji ulang Dokumen sistem manajemen mutu', 'Laporan', 1.125),
	('D', '2', '052', 'D2052', 'Melakukan perbaikan atas hasil kaji ulang manajemen', 'Laporan', 0.315),
	('D', '2', '053', 'D2053', 'Melakukan kegiatan audit internal sebagai auditee', 'Laporan', 0.270),
	('D', '2', '054', 'D2054', 'Menjadi saksi ahli dalam pelanggaran peraturan perkarantinaan', 'Laporan', 0.270),
	('D', '2', '055', 'D2055', 'Melakukan penyelidikan dan penyidikan pelanggaran peraturan perkarantinaan di lapangan', 'Laporan', 0.270),
	('D', '3', '056', 'D3056', 'Melakukan kegiatan manajemen risiko HPHK/IAS/PRG/Agensia Hayati', 'Laporan', 1.010),
	('D', '3', '057', 'D3057', 'Menyusun rencana tindak lanjut dari rekomendasi hasil kajian kejadian wabah HPHK, kasus baru HPHK, kejadian wabah HPHK di Negara atau daerah lain,', 'Laporan', 0.470),
	('D', '3', '058', 'D3058', 'Menyusun konsep kebijakan/ peraturan di bidang karantina hewan dan pengawasan keamanan hayati hewani', 'Laporan', 1.690),
	('D', '3', '059', 'D3059', 'Menyusun konsep pedoman /juklak/juknis/SOP tindakan karantina hewan', 'Laporan', 1.690),
	('D', '3', '060', 'D3060', 'Membuat rencana tindak lanjut dari rekomendasi hasil kajian naskah akademik konsep kebijakan di bidang karantina hewan dan pengawasan keamanan hayati hewani,', 'Laporan', 0.470),
	('D', '3', '061', 'D3061', 'Melakukan kajian dan memberikan rekomendasi jenis uji coba, uji terap/pengembangan teknik dan metode uji coba, uji terap', 'Laporan', 1.690),
	('D', '3', '062', 'D3062', 'Melakukan kajian dan memberikan rekomendasi penilaian IKH', 'Laporan', 0.410),
	('D', '3', '063', 'D3063', 'Menyusun rencana kegiatan monitoring dan evaluasi tindakan karantina hewan/ laboratorium karantina hewan/ pengawasan dan keamanan hayati hewani', 'Laporan', 0.270),
	('D', '3', '064', 'D3064', 'Membuat rencana tindak lanjut dari rekomendasi hasil kajian penetapan kawasan karantina', 'Laporan', 2.030),
	('D', '3', '065', 'D3065', 'Melakukan supervisi pelaksanaan penilaian kelayakan alat angkut atau lokasi, sarana prasarana, rancang bangun instalasi karantina hewan', 'Laporan', 0.140),
	('D', '3', '066', 'D3066', 'Melakukan tindakan pemeriksaan klinis hewan dan organoleptik, penilaian hasil pemeriksaan klinis hewan dan organoleptik dan menetapkan diagnosa', 'Laporan', 0.010),
	('D', '3', '067', 'D3067', 'Melakukan kegiatan pengujian, penilaian pengujian secara bioteknologi, serologi kompleks, kimia kompleks, isolasi/kultur', 'Dokumen', 0.270),
	('D', '3', '068', 'D3068', 'Melakukan penilaian dan/atau tindakan karantina perlakuan termasuk perlakuan kuratif terhadap media pembawa;', 'Laporan', 0.070),
	('D', '3', '069', 'D3069', 'Melakukan penilaian tindakan karantina penahanan, atau penolakan, atau pemusnahan terhadap media pembawa atau sampel sisa hasil uji/sampel arsip', 'Laporan', 0.040),
	('D', '3', '070', 'D3070', 'Melakukan analisa dan penandatanganan dokumen atas tindakan karantina hewan', 'Laporan', 0.010),
	('D', '3', '071', 'D3071', 'Melakukan analisa hasil tindakan karantina hewan', 'Laporan', 0.410),
	('D', '3', '072', 'D3072', 'Melakukan analisa hasil kalibrasi internal dan eksternal', 'Laporan', 0.080),
	('D', '3', '073', 'D3073', 'Melakukan evaluasi hasil kegiatan pengamatan status situasi penyakit atau pengawasan keamanan hayati hewani', 'Laporan', 0.410),
	('D', '3', '074', 'D3074', 'Melakukan penyusunan database koleksi standar HPHK atau media pembawa', 'Laporan', 0.540),
	('D', '3', '075', 'D3075', 'Menyusun proposal kegiatan uji terkait penerapan SMM, uji coba, uji terap atau pengembangan teknik dan metode uji coba, uji terap', 'Laporan', 0.810),
	('D', '3', '076', 'D3076', 'Melakukan evaluasi hasil kegiatan uji terkait penerapan SMM, uji coba, uji terap atau pengembangan teknik dan metode uji coba, uji terap', 'Laporan', 0.950),
	('D', '3', '077', 'D3077', 'Melakukan kajian konsep standarisasi SDM, metode, alat atau bahan laboratorium', 'Laporan', 1.690),
	('D', '3', '078', 'D3078', 'Melakukan penyusunan dokumen sistem manajemen mutu', 'Laporan', 1.550),
	('D', '3', '079', 'D3079', 'Melakukan kaji ulang Dokumen sistem manajemen mutu', 'Laporan', 1.690),
	('D', '3', '080', 'D3080', 'Melakukan perbaikan atas hasil kaji ulang manajemen', 'Laporan', 0.470),
	('D', '3', '081', 'D3081', 'Melakukan kegiatan audit internal sebagai auditor', 'Laporan', 0.410),
	('D', '3', '082', 'D3082', 'Melakukan kegiatan audit internal sebagai auditee', 'Laporan', 0.410),
	('D', '3', '083', 'D3083', 'Menjadi saksi ahli dalam pelanggaran peraturan perkarantinaan', 'Laporan', 0.410),
	('D', '3', '084', 'D3084', 'Melakukan penyelidikan dan penyidikan pelanggaran peraturan perkarantinaan di lapangan', 'Laporan', 0.410),
	('D', '4', '085', 'D4085', 'Melakukan rekomendasi analisa resiko HPHK/IAS/PRG/Agensia Hayati', 'Laporan', 2.250),
	('D', '4', '086', 'D4086', 'Melakukan kegiatan komunikasi risiko HPHK/IAS/PRG/Agensia Hayati', 'Laporan', 2.250),
	('D', '4', '087', 'D4087', 'Melakukan rekomendasi kegiatan hasil analisa data', 'Laporan', 2.250),
	('D', '4', '088', 'D4088', 'Mengkaji dan merekomendasikan dampak kejadian wabah HPHK, kasus baru HPHK, kejadian wabah HPHK di Negara atau daerah lain', 'Laporan', 2.250),
	('D', '4', '089', 'D4089', 'Mengkaji dan merekomendasikan daftar/list jenis HPHK dan media pembawa HPHK desk review', 'Laporan', 2.250),
	('D', '4', '090', 'D4090', 'Melakukan kajian atas konsep kebijakan/peraturan di bidang karantina hewan dan pengawasan keamanan hayati hewani', 'Laporan', 2.250),
	('D', '4', '091', 'D4091', 'Melakukan kajian atas konsep pedoman/juklak/juknis/SOP tindakan karantina hewan', 'Laporan', 2.250),
	('D', '4', '092', 'D4092', 'Melakukan supervisi dan pembinaan IKH', 'Laporan', 0.360),
	('D', '4', '093', 'D4093', 'Melakukan evaluasi kegiatan monitoring dan evaluasi tindakan karantina hewan, kegiatan laboratorium karantina hewan, pengawasan keamanan hayati nabati', 'Laporan', 0.540),
	('D', '4', '094', 'D4094', 'Mengkaji dampak penetapan kawasan karantina dan merekomendasikan tindak lanjut', 'Laporan', 2.250),
	('D', '4', '095', 'D4095', 'Merekomendasikan tindak lanjut tindakan karantina penahanan, penolakan, atau pemusnahan', 'Laporan', 0.180),
	('D', '4', '096', 'D4096', 'Melakukan kajian, pemberian rekomendasi, pembinaan atas hasil uji coba, uji terap atau pengembangan teknik dan metoda uji coba, uji terap', 'Laporan', 0.360),
	('D', '4', '097', 'D4097', 'Menelaah kajian/rekomendasi hasil pengembangan teknik dan metode/ standar SDM, alat, bahan, metode uji laboratorium', 'Laporan', 0.360),
	('D', '4', '098', 'D4098', 'Melakukan penyusunan dokumen sistem manajemen mutu', 'Laporan', 2.070),
	('D', '4', '099', 'D4099', 'Melakukan kaji ulang Dokumen sistem manajemen mutu', 'Laporan', 2.250),
	('D', '4', '100', 'D4100', 'Melakukan perbaikan atas hasil kaji ulang manajemen', 'Laporan', 0.630),
	('D', '4', '101', 'D4101', 'Melakukan kegiatan audit internal sebagai auditor', 'Laporan', 0.540),
	('D', '4', '102', 'D4102', 'Melakukan kegiatan audit internal sebagai auditee', 'Laporan', 0.540),
	('D', '4', '103', 'D4103', 'Menjadi saksi ahli dalam pelanggaran peraturan perkarantinaan', 'Laporan', 0.540),
	('P', '1', '001', 'P1001', 'Melakukan persiapan peralatan di lapangan, di laboratorium', 'Dokumen', 0.003),
	('P', '1', '002', 'P1002', 'Melakukan pemeriksaan, pemeliharaan peralatan laboratorium sederhana', 'Dokumen', 0.003),
	('P', '1', '003', 'P1003', 'Melakukan kalibrasi internal peralatan laboratorium', 'Dokumen', 0.005),
	('P', '1', '004', 'P1004', 'Melakukan pengawasan lalu lintas alat angkut, media pembawa karantina hewan dan keamanan hayati hewani di tempat pemasukan/ pengeluaran', 'Dokumen', 0.014),
	('P', '1', '005', 'P1005', 'Melakukan pengawasan, pengawalan pengangkutan media pembawa dari tempat pemasukan ke instalasi karantina hewan/tujuan', 'Dokumen', 0.014),
	('P', '1', '006', 'P1006', 'Melakukan pemasangan segel karantina, pemeriksaan keutuhan segel', 'Dokumen', 0.001),
	('P', '1', '007', 'P1007', 'Melakukan pemeriksaan jumlah media pembawa yang dilalulintaskan, jumlah sampel yang diterima di laboratorium', 'Dokumen', 0.003),
	('P', '1', '008', 'P1008', 'Melakukan anamnese, pengumpulan keterangan dari media pembawa', 'Dokumen', 0.001),
	('P', '1', '009', 'P1009', 'Melakukan pemeriksaan eksteriur, keutuhan kemasan, kondisi sampel', 'Dokumen', 0.003),
	('P', '1', '010', 'P1010', 'Melakukan pendataan media pembawa, sisa sampel uji, sampel arsip yang akan dimusnahkan', 'Dokumen', 0.005),
	('P', '1', '011', 'P1011', 'Melakukan pencatatan hasil pelaksanaan tindakan karantina 8 P, hasil pelaksanaan kegiatan pengujian', 'Laporan', 0.003),
	('P', '1', '012', 'P1012', 'Melakukan pencatatan pemakaian, pencatatan pemeliharaan peralatan laboratorium sederhana', 'Laporan', 0.002),
	('P', '1', '013', 'P1013', 'Melakukan kegiatan audit internal sebagai auditee', 'Laporan', 0.041),
	('P', '2', '014', 'P2014', 'Melakukan pemeriksaan, pemeliharaan peralatan laboratorium kompleks', 'Dokumen', 0.010),
	('P', '2', '015', 'P2015', 'Melakukan pembuatan bahan atau media serologi sederhana, kimia sederhana, mikrobiologi', 'Dokumen', 0.012),
	('P', '2', '016', 'P2016', 'Melakukan kalibrasi internal peralatan laboratorium', 'Dokumen', 0.006),
	('P', '2', '017', 'P2017', 'Melakukan pengawasan lalu lintas alat angkut, media pembawa karantina hewan dan keamanan hayati hewani di tempat pemasukan/ pengeluaran', 'Dokumen', 0.018),
	('P', '2', '018', 'P2018', 'Melakukan pengawasan lalu lintas alat angkut, media pembawa di luar tempat pemasukan/pengeluaran yang ditetapkan', 'Dokumen', 0.018),
	('P', '2', '019', 'P2019', 'Melakukan pemeriksaan kelengkapan persyaratan, kebenaran, keabsahan dokumen operasional lapangan atau laboratorium', 'Dokumen', 0.002),
	('P', '2', '020', 'P2020', 'Melakukan pemeriksaan status presen hewan', 'Dokumen', 0.004),
	('P', '2', '021', 'P2021', 'Melakukan pemeriksaan klinis hewan', 'Dokumen', 0.004),
	('P', '2', '022', 'P2022', 'Melakukan kegiatan pengujian morfologis (makroskopis, organoleptik atau mikroskopis)', 'Dokumen', 0.009),
	('P', '2', '023', 'P2023', 'Melakukan tindakan karantina pengasingan media pembawa HPHK', 'Dokumen', 0.003),
	('P', '2', '024', 'P2024', 'Melakukan desinsektisasi/desinfeksi terhadap alat angkut/sarana prasarana instalasi/sarana prasarana laboratorium', 'Dokumen', 0.008),
	('P', '2', '025', 'P2025', 'Melakukan tindakan karantina penahanan terhadap media pembawa HPHK', 'Dokumen', 0.004),
	('P', '2', '026', 'P2026', 'Melakukan tindakan karantina pemusnahan terhadap media pembawa HPHK atau sampel sisa\r\nhasil uji, sampel arsip', 'Dokumen', 0.012),
	('P', '2', '027', 'P2027', 'Melakukan pencatatan pemakaian, pencatatan pemeliharaan peralatan laboratorium komplek', 'Laporan', 0.004),
	('P', '2', '028', 'P2028', 'Melakukan pengumpulan data pemeriksaan fisik hewan;', 'Laporan', 0.006),
	('P', '2', '029', 'P2029', 'Melakukan pemeriksaan sarana dan prasarana untuk kegiatan pengujian, kegiatan uji coba/uji terap, pengembangan teknik dan metode uji coba/uji terap', 'Dokumen', 0.008),
	('P', '2', '030', 'P2030', 'Melakukan kegiatan audit internal sebagai auditee', 'Laporan', 0.054),
	('P', '3', '031', 'P3031', 'Melakukan persiapan, memeriksa kesiapan tindakan karantina di instalasi Karantina Hewan,\r\nalat angkut, kemasan', 'Laporan', 0.050),
	('P', '3', '032', 'P3032', 'Melakukan kalibrasi internal peralatan laboratorium', 'Dokumen', 0.020),
	('P', '3', '033', 'P3033', 'Melakukan pengawasan lalu lintas alat angkut, media pembawa karantina hewan dan keamanan hayati hewani di tempat pemasukan/ pengeluaran', 'Dokumen', 0.050),
	('P', '3', '034', 'P3034', 'Melakukan pemeriksaan label kemasan atau kesesuaian jenis media pembawa yang dilalulintaskan atau jenis sampel yang diterima di laboratorium', 'Dokumen', 0.020),
	('P', '3', '035', 'P3035', 'Melakukan penanganan media pembawa atau sampel lab untuk pengujian', 'Dokumen', 0.020),
	('P', '3', '036', 'P3036', 'Melakukan pemeriksaan status presen hewan', 'Dokumen', 0.010),
	('P', '3', '037', 'P3037', 'Melakukan pemeriksaan klinis hewan', 'Dokumen', 0.010),
	('P', '3', '038', 'P3038', 'Mengaplikasikan tindakan karantina perlakuan terhadap media pembawa', 'Dokumen', 0.020),
	('P', '3', '039', 'P3039', 'Melakukan pengambilan sampai penyimpanan sampel', 'Dokumen', 0.020),
	('P', '3', '040', 'P3040', 'Melakukan kegiatan pengujian secara serologis sederhana, kimiawi sederhana, mikrobiologi', 'Dokumen', 0.050),
	('P', '3', '041', 'P3041', 'Melakukan tindakan karantina pengamatan dan mencatat hasil pengamatan media pembawa\r\nHPHK', 'Dokumen', 0.010),
	('P', '3', '042', 'P3042', 'Melakukan sterilisasi/fumigasi terhadap media pembawa HPHK/ sarana prasarana di instalasi, peralatan, sarana prasarana laboratorium', 'Dokumen', 0.020),
	('P', '3', '043', 'P3043', 'Melakukan pengawasan terhadap media pembawa yang ditahan', 'Dokumen', 0.010),
	('P', '3', '044', 'P3044', 'Melakukan pengawasan pelaksanaan pemusnahan media pembawa HPHK, sampel sisa hasil uji, sampel arsip', 'Dokumen', 0.030),
	('P', '3', '045', 'P3045', 'Melakukan pengumpulan data gejala klinis dari hewan coba kegiatan uji coba, uji terap', 'Laporan', 0.020),
	('P', '3', '046', 'P3046', 'Melakukan kaji ulang Dokumen sistem manajemen mutu', 'Laporan', 0.560),
	('P', '3', '047', 'P3047', 'Melakukan kegiatan audit internal sebagai auditee', 'Laporan', 0.140),
	('P', '3', '048', 'P3048', 'Melakukan penyelidikan dan penyidikan pelanggaran peraturan perkarantinaan di lapangan', 'Laporan', 0.140),
	('P', '4', '049', 'P4049', 'Melakukan pengumpulan data/informasi lalulintas media pembawa/tindakan karantina', 'Laporan', 0.090),
	('P', '4', '050', 'P4050', 'Melakukan pembuatan bahan atau media serologi kompleks, kimia kompleks, bioteknologi,\r\nisolasi/kultur', 'Laporan', 0.060),
	('P', '4', '051', 'P4051', 'Melakukan persiapan, memeriksa kesiapan tindakan karantina di instalasi Karantina Hewan,\r\nalat angkut, kemasan', 'Laporan', 0.090),
	('P', '4', '052', 'P4052', 'Melakukan kalibrasi internal peralatan laboratorium', 'Dokumen', 0.030),
	('P', '4', '053', 'P4053', 'Melakukan pengawasan lalu lintas alat angkut, media pembawa karantina hewan dan keamanan hayati hewani di tempat pemasukan/ pengeluaran', 'Dokumen', 0.050),
	('P', '4', '054', 'P4054', 'Melakukan pemeriksaan organoleptik BAH, HBAH atau benda lain', 'Dokumen', 0.010),
	('P', '4', '055', 'P4055', 'Melakukan pemeriksaan kelayakan sampel, kelayakan pengemasan, kelayakan penyimpanan, kelayakan pengiriman sampel', 'Dokumen', 0.010),
	('P', '4', '056', 'P4056', 'Melakukan kegiatan pengujian secara serologi kompleks, kimiawi kompleks, bioteknologi,\r\nisolasi/kultur', 'Dokumen', 0.180),
	('P', '4', '057', 'P4057', 'Melakukan pemeriksaan status presen hewan', 'Dokumen', 0.020),
	('P', '4', '058', 'P4058', 'Melakukan pemeriksaan klinis hewan', 'Dokumen', 0.020),
	('P', '4', '059', 'P4059', 'Mengaplikasikan tindakan karantina perlakuan terhadap media pembawa', 'Dokumen', 0.030),
	('P', '4', '060', 'P4060', 'Melakukan tindakan karantina penolakan terhadap media pembawa HPHK atau sampel di\r\nlaboratorium', 'Dokumen', 0.020),
	('P', '4', '061', 'P4061', 'Melakukan pembuatan/pemeliharaan koleksi HPHK atau Media Pembawa', 'Laporan', 0.180),
	('P', '4', '062', 'P4062', 'Melakukan pengumpulan data/informasi', 'Laporan', 0.180),
	('P', '4', '063', 'P4063', 'Melakukan kaji ulang Dokumen sistim manajemen mutu', 'Laporan', 1.130),
	('P', '4', '064', 'P4064', 'Melakukan kegiatan audit internal sebagai auditee', 'Laporan', 0.270),
	('P', '4', '065', 'P4065', 'Melakukan penyelidikan dan penyidikan pelanggaran peraturan perkarantinaan di lapangan', 'Laporan', 0.270);

-- Dumping structure for table sifung.butiranak
CREATE TABLE IF NOT EXISTS `butiranak` (
  `kdbutir` char(5) CHARACTER SET utf8mb4 COLLATE utf8mb4_0900_ai_ci NOT NULL DEFAULT '' COMMENT 'kode butir fungsional',
  `kdsubutir` char(1) CHARACTER SET utf8mb4 COLLATE utf8mb4_0900_ai_ci DEFAULT NULL COMMENT 'kode sub dari butir fungsional',
  `butiranak` varchar(200) CHARACTER SET utf8mb4 COLLATE utf8mb4_0900_ai_ci NOT NULL COMMENT 'uraian dari sub butir fungsional',
  KEY `kdbutir` (`kdbutir`,`kdsubutir`) USING BTREE
) ENGINE=InnoDB DEFAULT CHARSET=utf8mb4 COLLATE=utf8mb4_0900_ai_ci COMMENT='sub atau pilihan detail dari butir kegiatan';

-- Dumping data for table sifung.butiranak: ~171 rows (approximately)
INSERT INTO `butiranak` (`kdbutir`, `kdsubutir`, `butiranak`) VALUES
	('D1001', 'a', 'Melakukan pengawasan pelaksanaan kalibrasi peralatan laboratorium eksternal atau kalibrasi internal'),
	('D1002', 'a', 'Melakukan pendampingan/supervisi/pengawasan pelaksanaan atau penilaian hasil pengawasan lalu lintas alat angkut, media pembawa karantina hewan dan keamanan hayati hewani'),
	('D1003', 'a', 'Melakukan verifikasi hasil pemeriksaan dokumen'),
	('D1004', 'a', 'Melakukan penilaian kelayakan alat angkut'),
	('D1005', 'a', 'Melakukan Pemeriksaan Klinis Hewan dan Diagnosa'),
	('D1006', 'a', 'Melakukan penilaian pengambilan sampai penyimpanan sampel'),
	('D1007', 'a', 'Melakukan kegiatan pengujian, penilaian/supervisi pengujian morfologis (makroskopis, organoleptik, atau mikroskopis)'),
	('D1008', 'a', 'Menentukan teknik dan metode tindakan karantina pengamatan atau tindakan karantina perlakuan pada media pembawa'),
	('D1009', 'a', 'Melakukan penilaian dan atau tindakan perlakuan termasuk perlakuan kuratif terhadap media pembawa;'),
	('D1010', 'a', 'Menetapkan atau melakukan penilaian tindakan karantina penahanan media pembawa'),
	('D1011', 'a', 'Melakukan analisa dan penandatanganan dokumen atas tindakan karantina hewan'),
	('D1012', 'a', 'Melakukan kegiatan pengamatan status situasi penyakit atau pengawasan keamanan hayati hewani'),
	('D1013', 'a', 'Melakukan penilaian kegiatan pembuatan atau pemeliharaan, atau pengelolaan koleksi HPHK atau Media Pembawa'),
	('D1014', 'a', 'Melakukan kegiatan diseminasi hasil uji terap atau bimbingan teknis pengujian, uji terap, penerapan SMM'),
	('D1015', 'a', 'Melakukan kegiatan uji terkait penerapan SMM, uji coba, uji terap atau pengembangan teknik dan metode uji coba, uji terap'),
	('D1016', 'a', 'Mengumpulkan data dan informasi tentang jenis SDM, metode, alat atau bahan laboratorium yang akan distandarisasikan'),
	('D1017', 'a', 'Melakukan penyusunan dokumen sistem manajemen mutu'),
	('D1018', 'a', 'Melakukan kaji ulang Dokumen sistem manajemen mutu'),
	('D1019', 'a', 'Melakukan perbaikan atas hasil kaji ulang manajemen'),
	('D1020', 'a', 'Melakukan kegiatan audit internal sebagai auditee'),
	('D1021', 'a', 'Melakukan penyelidikan dan penyidikan pelanggaran peraturan perkarantinaan di lapangan'),
	('D2022', 'a', 'Melakukan identifikasi risiko HPHK'),
	('D2023', 'a', 'Melakukan penilaian risiko HPHK'),
	('D2024', 'a', 'Melakukan identifikasi kejadian wabah HPHK, kasus baru HPHK, kejadian wabah HPHK di Negara atau daerah lain'),
	('D2025', 'a', 'Mengumpulkan bahan/menyusun naskah rancangan kebijakan/peraturan di bidang karantina hewan dan pengawasan keamanan hayati hewani'),
	('D2026', 'a', 'Menyusun bahan pedoman/juklak/juknis/SOP Tindakan Karantina Hewan'),
	('D2027', 'a', 'Melakukan verifikasi persyaratan administrasi atau teknis hasil penilaian kelayakan IKH'),
	('D2028', 'a', 'Melaksanakan kegiatan monitoring dan evaluasi tindakan karantina hewan/laboratorium karantina hewan/ pengawasan keamanan hayati hewani'),
	('D2029', 'a', 'Melakukan identifikasi atas rencana penetapan kawasan karantina'),
	('D2030', 'a', 'Menyusun rencana kerja tindakan karantina hewan'),
	('D2031', 'a', 'Melakukan pengawasan pelaksanaan kalibrasi peralatan laboratorium eksternal atau analisa hasil kalibrasi internal'),
	('D2032', 'a', 'Melakukan pendampingan/supervisi/pengawasan pelaksanaan atau penilaian hasil pengawasan lalu lintas alat angkut, media pembawa karantina hewan dan keamanan hayati hewani'),
	('D2033', 'a', 'Melakukan penilaian kelayakan lokasi, sarana prasarana, rancang bangun instalasi karantina hewan'),
	('D2034', 'a', 'Melakukan evaluasi kelayakan IKH di UPT setiap 6 bulan atau sewaktu-waktu'),
	('D2035', 'a', 'Melakukan Pemeriksaan Klinis Hewan'),
	('D2036', 'a', 'Menetapkan besaran, cara pengambilan sampel dan jenis sampel untuk pemeriksaan laboratorium'),
	('D2037', 'a', 'Melakukan verifikasi/kaji ulang permintaan pengujian laboratorium'),
	('D2038', 'a', 'Melakukan kegiatan pengujian, penilaian pengujian secara serologis sederhana, kimia sederhana, mikrobiologi'),
	('D2039', 'a', 'Menetapkan media pembawa yang akan diasingkan atau tindak lanjut hasil pengasingan'),
	('D2040', 'a', 'Melakukan penilaian dan atau tindakan karantina perlakuan termasuk perlakuan kuratif terhadap media pembawa'),
	('D2041', 'a', 'Menetapkan tindakan karantina penolakan, penilaian tindakan karantina penolakan terhadap media pembawa atau sampel di laboratorium'),
	('D2042', 'a', 'Menetapkan teknik dan metode tindakan karantina pemusnahan'),
	('D2043', 'a', 'Melakukan analisa dan penandatanganan dokumen atas tindakan karantina hewan'),
	('D2044', 'a', 'Menyusun rencana kegiatan pengamatan status situasi penyakit atau pengawasan keamanan hayati hewani'),
	('D2045', 'a', 'Menyusun rencana kegiatan pengelolaan koleksi HPHK/ Media Pembawa atau menetapkan jenis koleksi'),
	('D2046', 'a', 'Menyusun rencana kegiatan diseminasi hasil uji terap atau bimbingan teknis pengujian, uji terap, penerapan SMM'),
	('D2047', 'a', 'Melakukan evaluasi hasil kegiatan diseminasi hasil uji terap atau bimbingan teknis pengujian, uji terap, penerapan SMM'),
	('D2048', 'a', 'Melakukan kegiatan uji terkait penerapan SMM, uji coba, uji terap atau pengembangan teknik dan metode uji coba, uji terap'),
	('D2049', 'a', 'Melakukan penyusunan konsep standarisasi SDM, metode, alat atau bahan laboratorium'),
	('D2050', 'a', 'Melakukan penyusunan dokumen sistem manajemen mutu'),
	('D2051', 'a', 'Melakukan kaji ulang Dokumen sistem manajemen mutu'),
	('D2052', 'a', 'Melakukan perbaikan atas hasil kaji ulang manajemen'),
	('D2053', 'a', 'Melakukan kegiatan audit internal sebagai auditee'),
	('D2054', 'a', 'Menjadi saksi ahli dalam pelanggaran peraturan perkarantinaan'),
	('D2055', 'a', 'Melakukan penyelidikan dan penyidikan pelanggaran peraturan perkarantinaan di lapangan'),
	('D3056', 'a', 'Melakukan kegiatan manajemen risiko HPHK/IAS/PRG/Agensia Hayati'),
	('D3057', 'a', 'Menyusun rencana tindak lanjut dari rekomendasi hasil kajian kejadian wabah HPHK, kasus baru HPHK, kejadian wabah HPHK di Negara atau daerah lain,'),
	('D3058', 'a', 'Menyusun konsep kebijakan/ peraturan di bidang karantina hewan dan pengawasan keamanan hayati hewani'),
	('D3059', 'a', 'Menyusun konsep pedoman /juklak/juknis/SOP tindakan karantina hewan'),
	('D3060', 'a', 'Membuat rencana tindak lanjut dari rekomendasi hasil kajian naskah akademik konsep kebijakan di bidang karantina hewan dan pengawasan keamanan hayati hewani,'),
	('D3061', 'a', 'Melakukan kajian dan memberikan rekomendasi jenis uji coba, uji terap/pengembangan teknik dan metode uji coba, uji terap'),
	('D3062', 'a', 'Melakukan kajian dan memberikan rekomendasi penilaian IKH'),
	('D3063', 'a', 'Menyusun rencana kegiatan monitoring dan evaluasi tindakan karantina hewan/ laboratorium karantina hewan/ pengawasan dan keamanan hayati hewani'),
	('D3064', 'a', 'Membuat rencana tindak lanjut dari rekomendasi hasil kajian penetapan kawasan karantina'),
	('D3065', 'a', 'Melakukan supervisi pelaksanaan penilaian kelayakan alat angkut atau lokasi, sarana prasarana, rancang bangun instalasi karantina hewan'),
	('D3066', 'a', 'Melakukan tindakan pemeriksaan klinis hewan dan organoleptik, penilaian hasil pemeriksaan klinis hewan dan organoleptik dan menetapkan diagnosa'),
	('D3067', 'a', 'Melakukan kegiatan pengujian, penilaian pengujian secara bioteknologi, serologi kompleks, kimia kompleks, isolasi/kultur'),
	('D3068', 'a', 'Melakukan penilaian dan/atau tindakan karantina perlakuan termasuk perlakuan kuratif terhadap media pembawa;'),
	('D3069', 'a', 'Melakukan penilaian tindakan karantina penahanan, atau penolakan, atau pemusnahan terhadap media pembawa atau sampel sisa hasil uji/sampel arsip'),
	('D3070', 'a', 'Melakukan analisa dan penandatanganan dokumen atas tindakan karantina hewan'),
	('D3071', 'a', 'Melakukan analisa hasil tindakan karantina hewan'),
	('D3072', 'a', 'Melakukan analisa hasil kalibrasi internal dan eksternal'),
	('D3073', 'a', 'Melakukan evaluasi hasil kegiatan pengamatan status situasi penyakit atau pengawasan keamanan hayati hewani'),
	('D3074', 'a', 'Melakukan penyusunan database koleksi standar HPHK atau media pembawa'),
	('D3075', 'a', 'Menyusun proposal kegiatan uji terkait penerapan SMM, uji coba, uji terap atau pengembangan teknik dan metode uji coba, uji terap'),
	('D3076', 'a', 'Melakukan evaluasi hasil kegiatan uji terkait penerapan SMM, uji coba, uji terap atau pengembangan teknik dan metode uji coba, uji terap'),
	('D3077', 'a', 'Melakukan kajian konsep standarisasi SDM, metode, alat atau bahan laboratorium'),
	('D3078', 'a', 'Melakukan penyusunan dokumen sistem manajemen mutu'),
	('D3079', 'a', 'Melakukan kaji ulang Dokumen sistem manajemen mutu'),
	('D3080', 'a', 'Melakukan perbaikan atas hasil kaji ulang manajemen'),
	('D3081', 'a', 'Melakukan kegiatan audit internal sebagai auditor'),
	('D3082', 'a', 'Melakukan kegiatan audit internal sebagai auditee'),
	('D3083', 'a', 'Menjadi saksi ahli dalam pelanggaran peraturan perkarantinaan'),
	('D3084', 'a', 'Melakukan penyelidikan dan penyidikan pelanggaran peraturan perkarantinaan di lapangan'),
	('D4085', 'a', 'Melakukan rekomendasi analisa resiko HPHK/IAS/PRG/Agensia Hayati'),
	('D4086', 'a', 'Melakukan kegiatan komunikasi risiko HPHK/IAS/PRG/Agensia Hayati'),
	('D4087', 'a', 'Melakukan rekomendasi kegiatan hasil analisa data'),
	('D4088', 'a', 'Mengkaji dan merekomendasikan dampak kejadian wabah HPHK, kasus baru HPHK, kejadian wabah HPHK di Negara atau daerah lain'),
	('D4089', 'a', 'Mengkaji dan merekomendasikan daftar/list jenis HPHK dan media pembawa HPHK desk review'),
	('D4090', 'a', 'Melakukan kajian atas konsep kebijakan/peraturan di bidang karantina hewan dan pengawasan keamanan hayati hewani'),
	('D4091', 'a', 'Melakukan kajian atas konsep pedoman/juklak/juknis/SOP tindakan karantina hewan'),
	('D4092', 'a', 'Melakukan supervisi dan pembinaan IKH'),
	('D4093', 'a', 'Melakukan evaluasi kegiatan monitoring dan evaluasi tindakan karantina hewan, kegiatan laboratorium karantina hewan, pengawasan keamanan hayati nabati'),
	('D4094', 'a', 'Mengkaji dampak penetapan kawasan karantina dan merekomendasikan tindak lanjut'),
	('D4095', 'a', 'Merekomendasikan tindak lanjut tindakan karantina penahanan, penolakan, atau pemusnahan'),
	('D4096', 'a', 'Melakukan kajian, pemberian rekomendasi, pembinaan atas hasil uji coba, uji terap atau pengembangan teknik dan metoda uji coba, uji terap'),
	('D4097', 'a', 'Menelaah kajian/rekomendasi hasil pengembangan teknik dan metode/ standar SDM, alat, bahan, metode uji laboratorium'),
	('D4098', 'a', 'Melakukan penyusunan dokumen sistem manajemen mutu'),
	('D4099', 'a', 'Melakukan kaji ulang Dokumen sistem manajemen mutu'),
	('D4100', 'a', 'Melakukan perbaikan atas hasil kaji ulang manajemen'),
	('D4101', 'a', 'Melakukan kegiatan audit internal sebagai auditor'),
	('D4102', 'a', 'Melakukan kegiatan audit internal sebagai auditee'),
	('D4103', 'a', 'Menjadi saksi ahli dalam pelanggaran peraturan perkarantinaan'),
	('P1001', 'a', 'Melakukan persiapan peralatan di lapangan, di laboratorium'),
	('P1002', 'a', 'Melakukan pemeriksaan, pemeliharaan peralatan laboratorium sederhana'),
	('P1003', 'a', 'Melakukan kalibrasi internal peralatan laboratorium'),
	('P1004', 'a', 'Melakukan pengawasan lalu lintas alat angkut, media pembawa karantina hewan dan keamanan hayati hewani di tempat pemasukan/ pengeluaran'),
	('P1005', 'a', 'Melakukan pengawasan, pengawalan pengangkutan media pembawa dari tempat pemasukan ke instalasi karantina hewan/tujuan'),
	('P1006', 'a', 'Melakukan pemasangan segel karantina, pemeriksaan keutuhan segel'),
	('P1007', 'a', 'Melakukan pemeriksaan jumlah media pembawa yang dilalulintaskan, jumlah sampel yang diterima di laboratorium'),
	('P1008', 'a', 'Melakukan anamnese, pengumpulan keterangan dari media pembawa'),
	('P1009', 'a', 'Melakukan pemeriksaan eksteriur, keutuhan kemasan, kondisi sampel'),
	('P1010', 'a', 'Melakukan pendataan media pembawa, sisa sampel uji, sampel arsip yang akan dimusnahkan'),
	('P1011', 'a', 'Melakukan pencatatan hasil pelaksanaan tindakan karantina 8 P, hasil pelaksanaan kegiatan pengujian'),
	('P1012', 'a', 'Melakukan pencatatan pemakaian, pencatatan pemeliharaan peralatan laboratorium sederhana'),
	('P1013', 'a', 'Melakukan kegiatan audit internal sebagai auditee'),
	('P2014', 'a', 'Melakukan pemeriksaan, pemeliharaan peralatan laboratorium kompleks'),
	('P2015', 'a', 'Melakukan pembuatan bahan atau media serologi sederhana, kimia sederhana, mikrobiologi'),
	('P2016', 'a', 'Melakukan kalibrasi internal peralatan laboratorium'),
	('P2017', 'a', 'Melakukan pengawasan lalu lintas alat angkut, media pembawa karantina hewan dan keamanan hayati hewani di tempat pemasukan/ pengeluaran'),
	('P2018', 'a', 'Melakukan pengawasan lalu lintas alat angkut, media pembawa di luar tempat pemasukan/pengeluaran yang ditetapkan'),
	('P2019', 'a', 'Melakukan pemeriksaan kelengkapan persyaratan, kebenaran, keabsahan dokumen operasional lapangan atau laboratorium'),
	('P2020', 'a', 'Melakukan pemeriksaan status presen hewan'),
	('P2021', 'a', 'Melakukan pemeriksaan klinis hewan'),
	('P2022', 'a', 'Melakukan kegiatan pengujian morfologis (makroskopis, organoleptik atau mikroskopis)'),
	('P2023', 'a', 'Melakukan tindakan karantina pengasingan media pembawa HPHK'),
	('P2024', 'a', 'Melakukan desinsektisasi/desinfeksi terhadap alat angkut/sarana prasarana instalasi/sarana prasarana laboratorium'),
	('P2025', 'a', 'Melakukan tindakan karantina penahanan terhadap media pembawa HPHK'),
	('P2026', 'a', 'Melakukan tindakan karantina pemusnahan terhadap media pembawa HPHK atau sampel sisa hasil uji, sampel arsip'),
	('P2027', 'a', 'Melakukan pencatatan pemakaian, pencatatan pemeliharaan peralatan laboratorium komplek'),
	('P2028', 'a', 'Melakukan pengumpulan data pemeriksaan fisik hewan;'),
	('P2029', 'a', 'Melakukan pemeriksaan sarana dan prasarana untuk kegiatan pengujian, kegiatan uji coba/uji terap, pengembangan teknik dan metode uji coba/uji terap'),
	('P2030', 'a', 'Melakukan kegiatan audit internal sebagai auditee'),
	('P3031', 'a', 'Melakukan persiapan, memeriksa kesiapan tindakan karantina di instalasi Karantina Hewan, alat angkut, kemasan'),
	('P3032', 'a', 'Melakukan kalibrasi internal peralatan laboratorium'),
	('P3033', 'a', 'Melakukan pengawasan lalu lintas alat angkut, media pembawa karantina hewan dan keamanan hayati hewani di tempat pemasukan/ pengeluaran'),
	('P3034', 'a', 'Melakukan pemeriksaan label kemasan atau kesesuaian jenis media pembawa yang dilalulintaskan atau jenis sampel yang diterima di laboratorium'),
	('P3035', 'a', 'Melakukan penanganan media pembawa atau sampel lab untuk pengujian'),
	('P3036', 'a', 'Melakukan pemeriksaan status presen hewan'),
	('P3037', 'a', 'Melakukan pemeriksaan klinis hewan'),
	('P3038', 'a', 'Mengaplikasikan tindakan karantina perlakuan terhadap media pembawa'),
	('P3039', 'a', 'Melakukan pengambilan sampai penyimpanan sampel'),
	('P3040', 'a', 'Melakukan kegiatan pengujian secara serologis sederhana, kimiawi sederhana, mikrobiologi'),
	('P3041', 'a', 'Melakukan tindakan karantina pengamatan dan mencatat hasil pengamatan media pembawa HPHK'),
	('P3042', 'a', 'Melakukan sterilisasi/fumigasi terhadap media pembawa HPHK/ sarana prasarana di instalasi, peralatan, sarana prasarana laboratorium'),
	('P3043', 'a', 'Melakukan pengawasan terhadap media pembawa yang ditahan'),
	('P3044', 'a', 'Melakukan pengawasan pelaksanaan pemusnahan media pembawa HPHK, sampel sisa hasil uji, sampel arsip'),
	('P3045', 'a', 'Melakukan pengumpulan data gejala klinis dari hewan coba kegiatan uji coba, uji terap'),
	('P3046', 'a', 'Melakukan kaji ulang Dokumen sistem manajemen mutu'),
	('P3047', 'a', 'Melakukan kegiatan audit internal sebagai auditee'),
	('P3048', 'a', 'Melakukan penyelidikan dan penyidikan pelanggaran peraturan perkarantinaan di lapangan'),
	('P4049', 'a', 'Melakukan pengumpulan data/informasi lalulintas media pembawa/tindakan karantina'),
	('P4050', 'a', 'Melakukan pembuatan bahan atau media serologi kompleks, kimia kompleks, bioteknologi, isolasi/kultur'),
	('P4051', 'a', 'Melakukan persiapan, memeriksa kesiapan tindakan karantina di instalasi Karantina Hewan, alat angkut, kemasan'),
	('P4052', 'a', 'Melakukan kalibrasi internal peralatan laboratorium'),
	('P4053', 'a', 'Melakukan pengawasan lalu lintas alat angkut, media pembawa karantina hewan dan keamanan hayati hewani di tempat pemasukan/ pengeluaran'),
	('P4054', 'a', 'Melakukan pemeriksaan organoleptik BAH, HBAH atau benda lain'),
	('P4055', 'a', 'Melakukan pemeriksaan kelayakan sampel, kelayakan pengemasan, kelayakan penyimpanan, kelayakan pengiriman sampel'),
	('P4056', 'a', 'Melakukan kegiatan pengujian secara serologi kompleks, kimiawi kompleks, bioteknologi, isolasi/kultur'),
	('P4057', 'a', 'Melakukan pemeriksaan status presen hewan'),
	('P4058', 'a', 'Melakukan pemeriksaan klinis hewan'),
	('P4059', 'a', 'Mengaplikasikan tindakan karantina perlakuan terhadap media pembawa'),
	('P4060', 'a', 'Melakukan tindakan karantina penolakan terhadap media pembawa HPHK atau sampel di laboratorium'),
	('P4061', 'a', 'Melakukan pembuatan/pemeliharaan koleksi HPHK atau Media Pembawa'),
	('P4062', 'a', 'Melakukan pengumpulan data/informasi'),
	('P4063', 'a', 'Melakukan kaji ulang Dokumen sistim manajemen mutu'),
	('P4064', 'a', 'Melakukan kegiatan audit internal sebagai auditee'),
	('P4065', 'a', 'Melakukan penyelidikan dan penyidikan pelanggaran peraturan perkarantinaan di lapangan'),
	('D1005', 'b', 'Melakukan Pemeriksaan Organoleptik'),
	('D1005', 'd', 'Melakukan Penetapan Diagnosa'),
	('D1005', 'c', 'Melakukan Penilaian Pemeriksaan'),
	('D2035', 'b', 'Melakukan pemeriksaan organoleptik produk hewan');

-- Dumping structure for table sifung.capaian
CREATE TABLE IF NOT EXISTS `capaian` (
  `id` int NOT NULL AUTO_INCREMENT COMMENT 'indeks daftar butir kegiatan yang dipilih (reset awal tahun)',
  `pelaksana` char(18) CHARACTER SET utf8mb4 COLLATE utf8mb4_0900_ai_ci DEFAULT NULL COMMENT 'unip user secara otomatis dari siapa yang login - input',
  `kdbutir` char(5) CHARACTER SET utf8mb4 COLLATE utf8mb4_0900_ai_ci DEFAULT NULL COMMENT 'kode butir fungsional',
  `target` double DEFAULT NULL COMMENT 'input angka jumlah yang menjadi target selama 1 tahun',
  `awal` date DEFAULT NULL COMMENT 'awal penilaian',
  `akhir` date DEFAULT NULL COMMENT 'akhir penilaian',
  `tmst` timestamp NULL DEFAULT CURRENT_TIMESTAMP,
  PRIMARY KEY (`id`)
) ENGINE=InnoDB AUTO_INCREMENT=32 DEFAULT CHARSET=utf8mb4 COLLATE=utf8mb4_0900_ai_ci COMMENT='berisi data user dan butir yang dikerjakan selama 1 tahun';

-- Dumping data for table sifung.capaian: ~2 rows (approximately)
INSERT INTO `capaian` (`id`, `pelaksana`, `kdbutir`, `target`, `awal`, `akhir`, `tmst`) VALUES
	(25, '197411212001121002', 'D2035', 11, '2022-01-01', '2022-12-31', NULL),
	(30, '197411212001121002', 'D2026', 4, '2022-01-01', '2022-12-31', '2022-05-19 13:28:31');

-- Dumping structure for table sifung.header
CREATE TABLE IF NOT EXISTS `header` (
  `id` int NOT NULL COMMENT 'id bersumber dari hasil input capaian.id',
  `urt` int NOT NULL AUTO_INCREMENT COMMENT 'nomer urut yang digenerate',
  `kdbutir` char(5) CHARACTER SET utf8mb4 COLLATE utf8mb4_0900_ai_ci DEFAULT NULL COMMENT 'kode butir fungsional',
  `kdsubutir` char(1) CHARACTER SET utf8mb4 COLLATE utf8mb4_0900_ai_ci DEFAULT NULL COMMENT 'kode sub butir fungsional',
  `dasar` text CHARACTER SET utf8mb4 COLLATE utf8mb4_0900_ai_ci COMMENT 'no dan tgl penugasan, shg tbl ini bisa utk grouping data',
  `pelaksana` char(18) CHARACTER SET utf8mb4 COLLATE utf8mb4_0900_ai_ci DEFAULT NULL COMMENT 'unip user secara otomatis dari siapa yang login - input',
  `pemberi` char(18) DEFAULT NULL COMMENT 'nomor induk pejabat pemberi tugas',
  `lokasi` varchar(100) DEFAULT NULL COMMENT 'lokasi pelaksanaan kegiatan',
  `mulai` date DEFAULT NULL COMMENT 'tanggal mulai periode penugasan',
  `selesai` date DEFAULT NULL COMMENT 'tanggal selesai periode penugasan',
  `ringkasan` text COMMENT 'ringkasan umum tentang hasil pelaksanaan',
  `tmst` timestamp NULL DEFAULT CURRENT_TIMESTAMP,
  PRIMARY KEY (`urt`),
  KEY `id` (`id`)
) ENGINE=InnoDB AUTO_INCREMENT=18 DEFAULT CHARSET=utf8mb4 COLLATE=utf8mb4_0900_ai_ci COMMENT='Group input berdasarkan layer2';

-- Dumping data for table sifung.header: ~2 rows (approximately)
INSERT INTO `header` (`id`, `urt`, `kdbutir`, `kdsubutir`, `dasar`, `pelaksana`, `pemberi`, `lokasi`, `mulai`, `selesai`, `ringkasan`, `tmst`) VALUES
	(25, 13, 'D2035', 'a', 'SK No: 123 Penempatan Tugas Fungsional Lingkup BBKP Surabaya', '197411212001121002', '197110221999032001', '00403', '2022-01-01', '2022-03-31', 'Secara umum kegiatan ini dilaksanakan sebagai bagian dari capaian target triwulan 1 tahun 2022. Laporan dari kegiatan pemeriksaan klinis ini bersumber dari kegiatan operasiona di Wilker Bandara Juanda.', NULL),
	(30, 17, 'D2026', 'a', '12345 SPT', '197411212001121002', '197110221999032001', '00403', '2022-05-01', '2022-05-31', 'Qequagahsh\nAfanenej\nAgsnrjvfdn', '2022-05-19 13:30:18');

-- Dumping structure for table sifung.jenisPPK
CREATE TABLE IF NOT EXISTS `jenisPPK` (
  `jnsPPK` char(1) CHARACTER SET utf8mb4 COLLATE utf8mb4_0900_ai_ci DEFAULT NULL COMMENT 'kode jenis pemeriksaan karantina',
  `PPK` varchar(50) CHARACTER SET utf8mb4 COLLATE utf8mb4_0900_ai_ci DEFAULT NULL COMMENT 'jenis pemeriksaan karantina',
  KEY `jnsPPK` (`jnsPPK`)
) ENGINE=InnoDB DEFAULT CHARSET=utf8mb4 COLLATE=utf8mb4_0900_ai_ci COMMENT='jenis permohonan pemeriksaan karantina berupa impor, ekspor, keluar antar area dan masuk antar area';

-- Dumping data for table sifung.jenisPPK: ~4 rows (approximately)
INSERT INTO `jenisPPK` (`jnsPPK`, `PPK`) VALUES
	('E', 'Ekspor'),
	('I', 'Impor'),
	('K', 'Keluar Antar Area'),
	('M', 'Masuk Antar Area');

-- Dumping structure for table sifung.media
CREATE TABLE IF NOT EXISTS `media` (
  `kdpem` char(5) NOT NULL,
  `nipem` varchar(100) NOT NULL,
  `nepem` varchar(100) NOT NULL,
  `nlpem` varchar(15) DEFAULT NULL,
  `satuan` varchar(10) NOT NULL,
  `nohs` varchar(10) NOT NULL,
  `klas` varchar(100) NOT NULL,
  `suhu` varchar(50) DEFAULT NULL,
  `pulsus` varchar(50) DEFAULT NULL,
  `respirasi` varchar(50) DEFAULT NULL,
  PRIMARY KEY (`kdpem`)
) ENGINE=InnoDB DEFAULT CHARSET=utf8mb4 COLLATE=utf8mb4_0900_ai_ci;

-- Dumping data for table sifung.media: ~158 rows (approximately)
INSERT INTO `media` (`kdpem`, `nipem`, `nepem`, `nlpem`, `satuan`, `nohs`, `klas`, `suhu`, `pulsus`, `respirasi`) VALUES
	('1AA1A', 'Sapi', 'Cow', 'Bos primigenius', 'Ekor', '102210000', 'Hewan Ternak Pangan Besar', NULL, NULL, NULL),
	('1AA1B', 'Kerbau', 'Buffalo', 'Bubalus bubalis', 'Ekor', '102310000', 'Hewan Ternak Pangan Besar', NULL, NULL, NULL),
	('1AA1C', 'Hewan Besar Ternak Lainnya', 'Other big livestock animals', NULL, 'Ekor', '106190000', 'Hewan Ternak Pangan Besar', NULL, NULL, NULL),
	('1AB1A', 'Kambing', 'Goat', NULL, 'Ekor', '104201000', 'Hewan Ternak Pangan Kecil', NULL, NULL, NULL),
	('1AB1B', 'Domba', 'Sheep', NULL, 'Ekor', '104101000', 'Hewan Ternak Pangan Kecil', NULL, NULL, NULL),
	('1AB1C', 'Babi', 'Swine', NULL, 'Ekor', '103100000', 'Hewan Ternak Pangan Kecil', NULL, NULL, NULL),
	('1AB1D', 'Hewan Kecil Ternak Lainnya', 'Other small livestock animals', NULL, 'Ekor', '106100000', 'Hewan Ternak Pangan Kecil', NULL, NULL, NULL),
	('1AC0D', 'Hewan Bukan Ternak Lainnya', 'Other non livestock animals', NULL, 'Ekor', '106100000', 'Hewan Ternak Pangan Bukan Ternak', NULL, NULL, NULL),
	('1AD1A', 'Burung Unta', 'Ostrich', NULL, 'Ekor', '106330000', 'Hewan Ternak Pangan Unggas Besar', NULL, NULL, NULL),
	('1AD1B', 'Angsa', 'Swan', NULL, 'Ekor', '105993000', 'Hewan Ternak Pangan Unggas Besar', NULL, NULL, NULL),
	('1AD1C', 'Kalkun', 'Turkey', NULL, 'Ekor', '105993000', 'Hewan Ternak Pangan Unggas Besar', NULL, NULL, NULL),
	('1AD1D', 'Unggas Besar Ternak Lainnya', 'Other big livestock fowls', NULL, 'Ekor', '105000000', 'Hewan Ternak Pangan Unggas Besar', NULL, NULL, NULL),
	('1AE1A', 'Ayam', 'Chicken', NULL, 'Ekor', '105111000', 'Hewan Ternak Pangan Unggas Kecil', NULL, NULL, NULL),
	('1AE1B', 'Bebek', 'Duck', NULL, 'Ekor', '105131000', 'Hewan Ternak Pangan Unggas Kecil', NULL, NULL, NULL),
	('1AE1C', 'Entog', 'Wild duck', NULL, 'Ekor', '105131000', 'Hewan Ternak Pangan Unggas Kecil', NULL, NULL, NULL),
	('1AE1D', 'Merpati', 'Pigeon', NULL, 'Ekor', '105000000', 'Hewan Ternak Pangan Unggas Kecil', NULL, NULL, NULL),
	('1AE1E', 'Unggas Kecil Ternak Lainnya', 'Other small livestock fowls', NULL, 'Ekor', '105000000', 'Hewan Ternak Pangan Unggas Kecil', NULL, NULL, NULL),
	('1AE3A', 'DOC', 'DOC', NULL, 'Ekor', '105119000', 'Hewan Ternak Pangan Unggas Kecil Umur Sehari', NULL, NULL, NULL),
	('1AE3B', 'DOD', 'DOD', NULL, 'Ekor', '105139000', 'Hewan Ternak Pangan Unggas Kecil Umur Sehari', NULL, NULL, NULL),
	('1AE3C', 'Unggas Umur Sehari Lainnya', 'Other one day old fowls', NULL, 'Ekor', '105000000', 'Hewan Ternak Pangan Unggas Kecil Umur Sehari', NULL, NULL, NULL),
	('1BA0A', 'Kuda', 'Horse', NULL, 'Ekor', '101200000', 'Hewan Kesayangan Kuda', NULL, NULL, NULL),
	('1BA0B', 'Keledai', 'Donkey', NULL, 'Ekor', '101300000', 'Hewan Kesayangan Kuda', NULL, NULL, NULL),
	('1BA0C', 'Kuda Kesayangan Lainnya', 'Other pet horses', NULL, 'Ekor', '101290000', 'Hewan Kesayangan Kuda', NULL, NULL, NULL),
	('1BB0A', 'Anjing', 'Dog', NULL, 'Ekor', '106190000', 'Hewan Kesayangan Anjing', NULL, NULL, NULL),
	('1BC0A', 'Kucing', 'Cat', NULL, 'Ekor', '106190000', 'Hewan Kesayangan Kucing', NULL, NULL, NULL),
	('1BD0A', 'Kera', 'Monkey', NULL, 'Ekor', '106110000', 'Hewan Kesayangan Primata', NULL, NULL, NULL),
	('1BD0B', 'Primata Kesayangan Lainnya', 'Other pet primates', NULL, 'Ekor', '106110000', 'Hewan Kesayangan Primata', NULL, NULL, NULL),
	('1BE0A', 'Unggas Besar Kesayangan', 'Big pet birds', NULL, 'Ekor', '105000000', 'Hewan Kesayangan Unggas Besar', NULL, NULL, NULL),
	('1BF0A', 'Burung', 'Bird', NULL, 'Ekor', '106320000', 'Hewan Kesayangan Unggas Kecil', NULL, NULL, NULL),
	('1BF0B', 'Ayam Hias', 'Ornamental chicken', NULL, 'Ekor', '105119000', 'Hewan Kesayangan Unggas Kecil', NULL, NULL, NULL),
	('1BF0C', 'Ayam Aduan', 'Game cock', NULL, 'Ekor', '105119000', 'Hewan Kesayangan Unggas Kecil', NULL, NULL, NULL),
	('1BF0D', 'Unggas Kecil Kesayangan Lainnya', 'Other small pet birds', NULL, 'Ekor', '106390000', 'Hewan Kesayangan Unggas Kecil', NULL, NULL, NULL),
	('1BG0A', 'Iguana', 'Iguana', NULL, 'Ekor', '106200000', 'Hewan Kesayangan Reptil', NULL, NULL, NULL),
	('1BG0B', 'Reptil Kesayangan Lainnya', 'Other pet reptils', NULL, 'Ekor', '106200000', 'Hewan Kesayangan Reptil', NULL, NULL, NULL),
	('1CA0A', 'Kera Percobaan', 'Primata Laboratory', 'Primata', 'Ekor', '106110000', 'Hewan Percobaan Primata', NULL, NULL, NULL),
	('1CA0B', 'Hewan Primata Percobaan Lainnya', 'Other experimental primates', NULL, 'Ekor', '106110000', 'Hewan Percobaan Primata', NULL, NULL, NULL),
	('1CB0A', 'Kelinci Percobaan', 'Experimental rabbit', NULL, 'Ekor', '106140000', 'Hewan Percobaan Selain Primata', NULL, NULL, NULL),
	('1CB0B', 'Marmut Percobaan', 'Guinea pig', NULL, 'Ekor', '106140000', 'Hewan Percobaan Selain Primata', NULL, NULL, NULL),
	('1CB0C', 'Hewan Selain Primata untuk Percobaan Lainnya', 'Other experimental non-primate animals', NULL, 'Ekor', '106000000', 'Hewan Percobaan Selain Primata', NULL, NULL, NULL),
	('1DA0A', 'Gajah', 'Elephant', NULL, 'Ekor', '106190000', 'Hewan Liar Mamalia Besar', NULL, NULL, NULL),
	('1DA0B', 'Jerapah', 'Giraffe', NULL, 'Ekor', '106190000', 'Hewan Liar Mamalia Besar', NULL, NULL, NULL),
	('1DA0C', 'Harimau', 'Tiger', NULL, 'Ekor', '1016190000', 'Hewan Liar Mamalia Besar', NULL, NULL, NULL),
	('1DA0D', 'Singa', 'Lion', NULL, 'Ekor', '106190000', 'Hewan Liar Mamalia Besar', NULL, NULL, NULL),
	('1DA0E', 'Banteng', 'Bull', NULL, 'Ekor', '106190000', 'Hewan Liar Mamalia Besar', NULL, NULL, NULL),
	('1DA0F', 'Mamalia Besar yang termasuk Satwa Liar Lainnya', 'Wild Big Mamalia', NULL, 'Ekor', '106190000', 'Hewan Liar Mamalia Besar', NULL, NULL, NULL),
	('1DB0A', 'Rusa', 'Deer', NULL, 'Ekor', '106190000', 'Hewan Liar Mamalia Kecil', NULL, NULL, NULL),
	('1DB0B', 'Kambing Gunung', 'Mountain goat', NULL, 'Ekor', '106190000', 'Hewan Liar Mamalia Kecil', NULL, NULL, NULL),
	('1DB0C', 'Mamalia Kecil yang termasuk Satwa Liar Lainnya', 'Mamalia', NULL, 'Ekor', '106190000', 'Hewan Liar Mamalia Kecil', NULL, NULL, NULL),
	('1DC0A', 'Kasuari', 'Kasuari', NULL, 'Ekor', '105119000', 'Hewan Liar Unggas Besar', NULL, NULL, NULL),
	('1DC0B', 'Merak', 'Merak', NULL, 'Ekor', '105119000', 'Hewan Liar Unggas Besar', NULL, NULL, NULL),
	('1DC0C', 'Unggas Besar yang termasuk Satwa Liar Lainnya', 'Wild Big Aves', NULL, 'Ekor', '105119000', 'Hewan Liar Unggas Besar', NULL, NULL, NULL),
	('1DD0A', 'Nuri', 'Nuri', NULL, 'Ekor', '106320000', 'Hewan Liar Unggas Kecil', NULL, NULL, NULL),
	('1DD0B', 'Elang', 'Falcon', NULL, 'Ekor', '106310000', 'Hewan Liar Unggas Kecil', NULL, NULL, NULL),
	('1DD0C', 'Unggas Kecil yang termasuk Satwa Liar Lainnya', 'Wild Litle Aves', NULL, 'Ekor', '106320000', 'Hewan Liar Unggas Kecil', NULL, NULL, NULL),
	('1DE0A', 'Buaya', 'Aligator', NULL, 'Ekor', '106200000', 'Hewan Liar Reptil Besar', NULL, NULL, NULL),
	('1DE0B', 'Komodo', 'Komodo', NULL, 'Ekor', '106200000', 'Hewan Liar Reptil Besar', NULL, NULL, NULL),
	('1DE0C', 'Reptil Besar yang termasuk Satwa Liar Lainnya', 'Wild Big Reptil', NULL, 'Ekor', '106200000', 'Hewan Liar Reptil Besar', NULL, NULL, NULL),
	('1DF0A', 'Tokek', 'Gecko', NULL, 'Ekor', '106200000', 'Hewan Liar Reptil Kecil', NULL, NULL, NULL),
	('1DF0B', 'Ular', 'Snake', NULL, 'Ekor', '106200000', 'Hewan Liar Reptil Kecil', NULL, NULL, NULL),
	('1DF0C', 'Reptil Kecil yang termasuk Satwa Liar Lainnya', 'Wild Litle Reptil', NULL, 'Ekor', '106200000', 'Hewan Liar Reptil Kecil', NULL, NULL, NULL),
	('1DG0A', 'Ulat', 'Caterpillar', NULL, 'Ekor', '106410000', 'Hewan Liar Invertebrata', NULL, NULL, NULL),
	('1DG0B', 'Kepompong', 'Cocon', NULL, 'Ekor', '106410000', 'Hewan Liar Invertebrata', NULL, NULL, NULL),
	('1DG0C', 'Invertebrata yang termasuk Satwa Liar Lainnya', 'Wild Invertebrata', NULL, 'Ekor', '106410000', 'Hewan Liar Invertebrata', NULL, NULL, NULL),
	('1DH0A', 'Katak', 'Frog', NULL, 'Ekor', '106490000', 'Hewan Liar Amphibia', NULL, NULL, NULL),
	('1DH0B', 'Amphibia Lainnya', 'Amphibia', NULL, 'Ekor', '106490000', 'Hewan Liar Amphibia', NULL, NULL, NULL),
	('1DI0A', 'Lebah', 'Bee', NULL, 'Koloni', '106410000', 'Hewan Liar Lebah dan Serangga Lain', NULL, NULL, NULL),
	('1DI0B', 'Kupu-kupu', 'Butterfly', NULL, 'Koloni', '106490000', 'Hewan Liar Lebah dan Serangga Lain', NULL, NULL, NULL),
	('1DI0C', 'Serangga Lainnya', 'Insect', NULL, 'Koloni', '106490000', 'Hewan Liar Lebah dan Serangga Lain', NULL, NULL, NULL),
	('1DJ0A', 'Lumba-lumba', 'Dolphins', NULL, 'Ekor', '106120000', 'Hewan Liar Mamalia Air', NULL, NULL, NULL),
	('1DJ0B', 'Mamalia Air Lainnya', 'Aquatic Mamalia', NULL, 'Ekor', '106120000', 'Hewan Liar Mamalia Air', NULL, NULL, NULL),
	('2AA0A', 'Daging Sapi', 'Beef', NULL, 'Kilogram', '202300000', 'B.A.H. Pangan Daging Hewan', NULL, NULL, NULL),
	('2AA0B', 'Daging Kambing', 'Mutton', NULL, 'Kilogram', '204230000', 'B.A.H. Pangan Daging Hewan', NULL, NULL, NULL),
	('2AA0C', 'Daging Domba', 'Lamb`s meat', NULL, 'Kilogram', '204230000', 'B.A.H. Pangan Daging Hewan', NULL, NULL, NULL),
	('2AA0D', 'Daging Babi', 'Pork', NULL, 'Kilogram', '203000000', 'B.A.H. Pangan Daging Hewan', NULL, NULL, NULL),
	('2AA0E', 'Daging Kerbau', 'meat', NULL, 'Kilogram', '202300000', 'B.A.H. Pangan Daging Hewan', NULL, NULL, NULL),
	('2AA0F', 'Daging Kuda', 'Meat', NULL, 'Kilogram', '205000000', 'B.A.H. Pangan Daging Hewan', NULL, NULL, NULL),
	('2AA0G', 'Daging Hewan Lainnya', 'Other animal`s meat', NULL, 'Kilogram', '208000000', 'B.A.H. Pangan Daging Hewan', NULL, NULL, NULL),
	('2AB0A', 'Daging Ayam', 'Chicken meat', NULL, 'Kilogram', '207110000', 'B.A.H. Pangan Daging Unggas', NULL, NULL, NULL),
	('2AB0B', 'Daging Ayam Beku', 'Frozen Chicken Meat', NULL, 'Kilogram', '207120000', 'B.A.H. Pangan Daging Unggas', NULL, NULL, NULL),
	('2AB0C', 'Daging Bebek / Itik', 'Meat Duck', NULL, 'Kilogram', '207410000', 'B.A.H. Pangan Daging Unggas', NULL, NULL, NULL),
	('2AB0D', 'Daging Bebek / Itik Beku', 'Frozen Duck Meat', NULL, 'Kilogram', '207420000', 'B.A.H. Pangan Daging Unggas', NULL, NULL, NULL),
	('2AB0E', 'Daging Kalkun', 'Meat Turkey', NULL, 'Kilogram', '207240000', 'B.A.H. Pangan Daging Unggas', NULL, NULL, NULL),
	('2AB0F', 'Daging Kalkun Beku', 'Frozen Turkey Meat', NULL, 'Kilogram', '207250000', 'B.A.H. Pangan Daging Unggas', NULL, NULL, NULL),
	('2AB0G', 'Daging Merpati', 'Pigeon Meat', NULL, 'Kilogram', '207000000', 'B.A.H. Pangan Daging Unggas', NULL, NULL, NULL),
	('2AB0H', 'Daging Unggas Lainnya', 'Poultry Meat', NULL, 'Kilogram', '207000000', 'B.A.H. Pangan Daging Unggas', NULL, NULL, NULL),
	('2AC0A', 'Susu Sapi', 'Cow`s milk', NULL, 'Kilogram', '401100000', 'B.A.H. Pangan Susu', NULL, NULL, NULL),
	('2AC0B', 'Susu Kambing', 'Goat`s milk', NULL, 'Kilogram', '401100000', 'B.A.H. Pangan Susu', NULL, NULL, NULL),
	('2AC0C', 'Susu Kuda', 'Horse`s milk', NULL, 'Kilogram', '401100000', 'B.A.H. Pangan Susu', NULL, NULL, NULL),
	('2AC0D', 'Susu Hewan Lainnya', 'Other animal`s milk', NULL, 'Kilogram', '401100000', 'B.A.H. Pangan Susu', NULL, NULL, NULL),
	('2AD0A', 'Telur Ayam', 'Chicken eggs', NULL, 'Kilogram', '407210000', 'B.A.H. Pangan Telur Konsumsi', NULL, NULL, NULL),
	('2AD0B', 'Telur Burung Puyuh', 'egg', NULL, 'Kilogram', '407299000', 'B.A.H. Pangan Telur Konsumsi', NULL, NULL, NULL),
	('2AD0C', 'Telur Angsa', 'Swan eggs', NULL, 'Kilogram', '407299000', 'B.A.H. Pangan Telur Konsumsi', NULL, NULL, NULL),
	('2AD0D', 'Telur Bebek / Itik', 'Duck eggs', NULL, 'Kilogram', '407291000', 'B.A.H. Pangan Telur Konsumsi', NULL, NULL, NULL),
	('2AD0E', 'Telur Unggas Lainnya', 'Other bird eggs', NULL, 'Kilogram', '407200000', 'B.A.H. Pangan Telur Konsumsi', NULL, NULL, NULL),
	('2AE0A', 'Madu', 'Honey', NULL, 'Kilogram', '409000000', 'B.A.H. Pangan Madu', NULL, NULL, NULL),
	('2AF0A', 'Sarang Burung', 'Edible Bird Nest', NULL, 'Kilogram', '410001000', 'B.A.H. Pangan Sarang Burung', NULL, NULL, NULL),
	('2AG0A', 'Jerohan Sapi', 'Cow offals', NULL, 'Kilogram', '206100000', 'B.A.H. Pangan Jerohan Konsumsi', NULL, NULL, NULL),
	('2AG0B', 'Hati', 'Lever', NULL, 'Kilogram', '206220000', 'B.A.H. Pangan Jerohan Konsumsi', NULL, NULL, NULL),
	('2AG0C', 'Lidah', 'Tongue', NULL, 'Kilogram', '206210000', 'B.A.H. Pangan Jerohan Konsumsi', NULL, NULL, NULL),
	('2AG0D', 'Jerohan Babi', 'pork offals', NULL, 'Kilogram', '206300000', 'B.A.H. Pangan Jerohan Konsumsi', NULL, NULL, NULL),
	('2AG0E', 'Jerohan Hewan Lainnya', 'offals', NULL, 'Kilogram', '206800000', 'B.A.H. Pangan Jerohan Konsumsi', NULL, NULL, NULL),
	('2BA0A', 'Kulit Sapi', 'Cow-hide', NULL, 'Lembar', '4104000000', 'B.A.H. Non Pangan Kulit Hewan Besar', NULL, NULL, NULL),
	('2BA0B', 'Kulit Sapi Basah', 'Wet cow-hide', NULL, 'Lembar', '4104100000', 'B.A.H. Non Pangan Kulit Hewan Besar', NULL, NULL, NULL),
	('2BA0C', 'Kulit Sapi Kering', 'Dry cow-hide', NULL, 'Lembar', '4104400000', 'B.A.H. Non Pangan Kulit Hewan Besar', NULL, NULL, NULL),
	('2BA0D', 'Kulit Hewan Besar Lainnya', 'Skin of other big animals', NULL, 'Lembar', '4103000000', 'B.A.H. Non Pangan Kulit Hewan Besar', NULL, NULL, NULL),
	('2BB0A', 'Kulit Kambing', 'Goat skins', NULL, 'Lembar', '4105000000', 'B.A.H. Non Pangan Kulit Hewan Kecil', NULL, NULL, NULL),
	('2BB0B', 'Kulit Kambing Basah', 'Wet skins of goat', NULL, 'Lembar', '4105100000', 'B.A.H. Non Pangan Kulit Hewan Kecil', NULL, NULL, NULL),
	('2BB0C', 'Kulit Kambing Kering', 'Dry skins of goat', NULL, 'Lembar', '4105300000', 'B.A.H. Non Pangan Kulit Hewan Kecil', NULL, NULL, NULL),
	('2BB0D', 'Kulit Babi Basah', 'Wet pig skins', NULL, 'Lembar', '4106310000', 'B.A.H. Non Pangan Kulit Hewan Kecil', NULL, NULL, NULL),
	('2BB0E', 'Kulit Babi Kering', 'Dry pig skins', NULL, 'Lembar', '4106320000', 'B.A.H. Non Pangan Kulit Hewan Kecil', NULL, NULL, NULL),
	('2BB0F', 'Kulit Hewan Kecil Lainnya', 'Skins of other small animals', NULL, 'Lembar', '4106900000', 'B.A.H. Non Pangan Kulit Hewan Kecil', NULL, NULL, NULL),
	('2BC0A', 'Kulit Reptil Basah', 'Wet Reptil Leather', NULL, 'Lembar', '4106401000', 'B.A.H. Non Pangan Kulit Satwa / Reptil Besar', NULL, NULL, NULL),
	('2BC0B', 'Kulit Reptil Kering', 'Reptil Leather', NULL, 'Lembar', '4106402000', 'B.A.H. Non Pangan Kulit Satwa / Reptil Besar', NULL, NULL, NULL),
	('2BC0C', 'Kulit Satwa / Reptil Besar lainnya', 'Reptil Leather', NULL, 'Lembar', '4106400000', 'B.A.H. Non Pangan Kulit Satwa / Reptil Besar', NULL, NULL, NULL),
	('2BD0A', 'Kulit Ular Basah', 'Snake Wet Leather', NULL, 'Lembar', '4106401000', 'B.A.H. Non Pangan Kulit Satwa / Reptil Kecil', NULL, NULL, NULL),
	('2BD0B', 'Kulit Ular Kering', 'Snake Leather', NULL, 'Lembar', '4106402000', 'B.A.H. Non Pangan Kulit Satwa / Reptil Kecil', NULL, NULL, NULL),
	('2BD0C', 'Kulit Satwa / Reptil Kecil Lainnya', 'Reptil Leather', NULL, 'Lembar', '4106400000', 'B.A.H. Non Pangan Kulit Satwa / Reptil Kecil', NULL, NULL, NULL),
	('2BE0A', 'Telur Tetas', 'Hatching eggs', NULL, 'Butir', '407110000', 'B.A.H. Non Pangan Telur Bibit / Tunas / SPF', NULL, NULL, NULL),
	('2BE0B', 'Telur SPF', 'SPF eggs', NULL, 'Butir', '407110000', 'B.A.H. Non Pangan Telur Bibit / Tunas / SPF', NULL, NULL, NULL),
	('2BE0C', 'Telur Tetas Lainnya', 'Other hatching eggs', NULL, 'Butir', '407190000', 'B.A.H. Non Pangan Telur Bibit / Tunas / SPF', NULL, NULL, NULL),
	('2BF0A', 'Semen Beku', 'Frozen semen', NULL, 'Kemasan', '511100000', 'B.A.H. Non Pangan Bahan Reproduksi', NULL, NULL, NULL),
	('2BF0B', 'Bahan Repoduksi Lainnya', 'Other reproduction materials', NULL, 'Kemasan', '511990000', 'B.A.H. Non Pangan Bahan Reproduksi', NULL, NULL, NULL),
	('2BG0A', 'Tulang', 'Bone', NULL, 'Kilogram', '506100000', 'B.A.H. Non Pangan Tulang, Kuku, Tanduk, Bulu & Ikutannya', NULL, NULL, NULL),
	('2BG0B', 'Kuku', 'Nail', NULL, 'Kilogram', '506100000', 'B.A.H. Non Pangan Tulang, Kuku, Tanduk, Bulu & Ikutannya', NULL, NULL, NULL),
	('2BG0C', 'Tanduk', 'Horn', NULL, 'Kilogram', '506100000', 'B.A.H. Non Pangan Tulang, Kuku, Tanduk, Bulu & Ikutannya', NULL, NULL, NULL),
	('2BG0D', 'Bulu', 'Hair', NULL, 'Kilogram', '5102000000', 'B.A.H. Non Pangan Tulang, Kuku, Tanduk, Bulu & Ikutannya', NULL, NULL, NULL),
	('2BG0E', 'Bahan Asal Hewan Ikutan Lainnya', 'Other part of animal origin materials', NULL, 'Kilogram', '506900000', 'B.A.H. Non Pangan Tulang, Kuku, Tanduk, Bulu & Ikutannya', NULL, NULL, NULL),
	('2BH0A', 'Tepung Asal Hewan', 'Flour of animals', NULL, 'Kilogram', '2301100000', 'B.A.H. Non Pangan Lainnya Untuk Pakan', NULL, NULL, NULL),
	('2BH0B', 'Tepung Asal Unggas', 'Flour of birds', NULL, 'Kilogram', '2301100000', 'B.A.H. Non Pangan Lainnya Untuk Pakan', NULL, NULL, NULL),
	('2BH0C', 'Tepung Asal Hewan Lainnya', 'Flour made of other animals', NULL, 'Kilogram', '2301100000', 'B.A.H. Non Pangan Lainnya Untuk Pakan', NULL, NULL, NULL),
	('3AA0A', 'Daging Sapi Olahan', 'beef product', NULL, 'Kilogram', '1602500000', 'H.B.A.H. Pangan Asal Daging Hewan', NULL, NULL, NULL),
	('3AA0B', 'Daging Kerbau Olahan', 'meat product', NULL, 'Kilogram', '1602500000', 'H.B.A.H. Pangan Asal Daging Hewan', NULL, NULL, NULL),
	('3AA0C', 'Daging Babi Olahan', 'pork product', NULL, 'Kilogram', '1602400000', 'H.B.A.H. Pangan Asal Daging Hewan', NULL, NULL, NULL),
	('3AA0D', 'Hasil Olahan Lainnya yang berasal dari Daging Hewan', 'animal product & others', NULL, 'Kilogram', '1601000000', 'H.B.A.H. Pangan Asal Daging Hewan', NULL, NULL, NULL),
	('3AB0A', 'Daging Unggas Olahan', 'meat poutry product', NULL, 'Kilogram', '1602300000', 'H.B.A.H. Pangan Asal Daging Unggas', NULL, NULL, NULL),
	('3AB0B', 'Hasil Olahan Lainnya yang berasal dari Daging Unggas', 'poultry product & others', NULL, 'Kilogram', '1602300000', 'H.B.A.H. Pangan Asal Daging Unggas', NULL, NULL, NULL),
	('3AC0A', 'Keju', 'Cheese', NULL, 'Kilogram', '406100000', 'H.B.A.H. Pangan Asal Susu', NULL, NULL, NULL),
	('3AC0B', 'Keju Parut', 'chees product', NULL, 'Kilogram', '406200000', 'H.B.A.H. Pangan Asal Susu', NULL, NULL, NULL),
	('3AC0C', 'Mentega', 'Butter', NULL, 'Kilogram', '405100000', 'H.B.A.H. Pangan Asal Susu', NULL, NULL, NULL),
	('3AC0D', 'Whey', 'Whey', NULL, 'Kilogram', '404100000', 'H.B.A.H. Pangan Asal Susu', NULL, NULL, NULL),
	('3AC0E', 'Hasil Olahan Lainnya yang berasal dari Susu', 'milk product', NULL, 'Kilogram', '2202901000', 'H.B.A.H. Pangan Asal Susu', NULL, NULL, NULL),
	('3AD0A', 'Hasil Olahan Lainnya yang berasal dari Telur', 'egg product', NULL, 'Kilogram', '408900000', 'H.B.A.H. Pangan Asal Telur', NULL, NULL, NULL),
	('3AE0A', 'Hasil Olahan Lainnya yang berasal dari Bahan Hewan untuk Konsumsi', '.', NULL, 'Kilogram', '1603000000', 'H.B.A.H. Pangan Untuk Konsumsi', NULL, NULL, NULL),
	('3AF0A', 'Hasil Olahan Lainnya yang berasal dari Bahan Ikutan Hewan / Unggas', 'animal product', NULL, 'Kilogram', '1603000000', 'H.B.A.H. Pangan Ikutan', NULL, NULL, NULL),
	('3BA0A', 'Kulit Sapi Jadi', 'cow finish leather', NULL, 'Kilogram', '4104000000', 'H.B.A.H. Non Pangan Untuk Industri', NULL, NULL, NULL),
	('3BA0B', 'Kulit Kambing Jadi', 'goat finish leather', NULL, 'Kilogram', '4105000000', 'H.B.A.H. Non Pangan Untuk Industri', NULL, NULL, NULL),
	('3BA0C', 'Hasil Bahan Asal Hewan / Unggas Lainnya untuk Industri', 'animal product for industry', NULL, 'Kilogram', '4106000000', 'H.B.A.H. Non Pangan Untuk Industri', NULL, NULL, NULL),
	('3BB0A', 'Meat and Bone Meal (MBM)', 'Meat and bone meal (MBM)', NULL, 'Kilogram', '2309901000', 'H.B.A.H. Non Pangan Untuk Pakan', NULL, NULL, NULL),
	('3BB0B', 'Poultry by Product Meal (PPM)', 'Poultry by product meal (PPM)', NULL, 'Kilogram', '2309909000', 'H.B.A.H. Non Pangan Untuk Pakan', NULL, NULL, NULL),
	('3BB0C', 'Hasil Bahan Asal Hewan / Unggas Lainnya untuk Pakan', 'animal product non consumtion', NULL, 'Kilogram', '2309909000', 'H.B.A.H. Non Pangan Untuk Pakan', NULL, NULL, NULL),
	('4A00A', 'Pakan Hewan Ternak', 'Livestock feed', NULL, 'Kilogram', '2309901000', 'Benda Lain Pakan Hewan Ternak', NULL, NULL, NULL),
	('4B00A', 'Pakan Hewan Kesayangan', 'Pet animal feed', NULL, 'Kilogram', '2309100000', 'Benda Lain Pakan Hewan Kesayangan', NULL, NULL, NULL),
	('4C00A', 'Hormon', 'Hormone', NULL, 'Kemasan', '3002101000', 'Benda Lain Bahan Biologik', NULL, NULL, NULL),
	('4C00B', 'Vaksin', 'Vaccine', NULL, 'Kemasan', '3002300000', 'Benda Lain Bahan Biologik', NULL, NULL, NULL),
	('4C00C', 'Bahan Biologik Lainnya', 'Other biologic materials', NULL, 'Kemasan', '3002000000', 'Benda Lain Bahan Biologik', NULL, NULL, NULL),
	('4D00A', 'Antigen', 'Antigen', NULL, 'Koli', '3002100000', 'Benda Lain Bahan Diagnostik', NULL, NULL, NULL),
	('4D00B', 'Anti Serum', 'Antiserum', NULL, 'Koli', '3002100000', 'Benda Lain Bahan Diagnostik', NULL, NULL, NULL),
	('4D00C', 'Bahan Diagnostik Lainnya', 'Other diagnostic materials', NULL, 'Koli', '3002000000', 'Benda Lain Bahan Diagnostik', NULL, NULL, NULL);

-- Dumping structure for table sifung.penlesi
CREATE TABLE IF NOT EXISTS `penlesi` (
  `kdpenlesi` char(1) DEFAULT NULL,
  `urpenlesi` varchar(50) DEFAULT NULL
) ENGINE=InnoDB DEFAULT CHARSET=utf8mb4 COLLATE=utf8mb4_0900_ai_ci COMMENT='referensi pilihan isi dari penilaian pemeriksaan lesi';

-- Dumping data for table sifung.penlesi: ~2 rows (approximately)
INSERT INTO `penlesi` (`kdpenlesi`, `urpenlesi`) VALUES
	('0', 'belum sesuai'),
	('1', 'sudah sesuai');

-- Dumping structure for table sifung.penlimfo
CREATE TABLE IF NOT EXISTS `penlimfo` (
  `kdpenlimfo` char(1) DEFAULT NULL,
  `urpenlimfo` varchar(50) DEFAULT NULL
) ENGINE=InnoDB DEFAULT CHARSET=utf8mb4 COLLATE=utf8mb4_0900_ai_ci COMMENT='referensi pilihan isi dari penilaian pemeriksaan limfoglandula';

-- Dumping data for table sifung.penlimfo: ~2 rows (approximately)
INSERT INTO `penlimfo` (`kdpenlimfo`, `urpenlimfo`) VALUES
	('0', 'belum sesuai'),
	('1', 'sudah sesuai');

-- Dumping structure for table sifung.penmukosa
CREATE TABLE IF NOT EXISTS `penmukosa` (
  `kdpenmukosa` char(1) DEFAULT NULL,
  `urpenmukosa` varchar(50) DEFAULT NULL
) ENGINE=InnoDB DEFAULT CHARSET=utf8mb4 COLLATE=utf8mb4_0900_ai_ci COMMENT='referensi pilihan isi dari penilaian pemeriksaan mukosa';

-- Dumping data for table sifung.penmukosa: ~2 rows (approximately)
INSERT INTO `penmukosa` (`kdpenmukosa`, `urpenmukosa`) VALUES
	('0', 'belum sesuai'),
	('1', 'sudah sesuai');

-- Dumping structure for table sifung.penpulsus
CREATE TABLE IF NOT EXISTS `penpulsus` (
  `kdpenpulsus` char(1) DEFAULT NULL,
  `urpenpulsus` varchar(50) DEFAULT NULL
) ENGINE=InnoDB DEFAULT CHARSET=utf8mb4 COLLATE=utf8mb4_0900_ai_ci COMMENT='referensi pilihan isi dari penilaian pemeriksaan pulsus';

-- Dumping data for table sifung.penpulsus: ~2 rows (approximately)
INSERT INTO `penpulsus` (`kdpenpulsus`, `urpenpulsus`) VALUES
	('0', 'belum sesuai'),
	('1', 'sudah sesuai');

-- Dumping structure for table sifung.penrespirasi
CREATE TABLE IF NOT EXISTS `penrespirasi` (
  `kdpenrespirasi` char(1) DEFAULT NULL,
  `urpenrespirasi` varchar(50) DEFAULT NULL
) ENGINE=InnoDB DEFAULT CHARSET=utf8mb4 COLLATE=utf8mb4_0900_ai_ci COMMENT='referensi pilihan isi dari penilaian pemeriksaan respirasi';

-- Dumping data for table sifung.penrespirasi: ~2 rows (approximately)
INSERT INTO `penrespirasi` (`kdpenrespirasi`, `urpenrespirasi`) VALUES
	('0', 'belum sesuai'),
	('1', 'sudah sesuai');

-- Dumping structure for table sifung.pensuhu
CREATE TABLE IF NOT EXISTS `pensuhu` (
  `kdpensuhu` char(1) DEFAULT NULL,
  `urpensuhu` varchar(50) DEFAULT NULL
) ENGINE=InnoDB DEFAULT CHARSET=utf8mb4 COLLATE=utf8mb4_0900_ai_ci COMMENT='referensi pilihan isi dari penilaian pemeriksaan suhu';

-- Dumping data for table sifung.pensuhu: ~2 rows (approximately)
INSERT INTO `pensuhu` (`kdpensuhu`, `urpensuhu`) VALUES
	('0', ' belum sesuai'),
	('1', 'sudah sesuai');

-- Dumping structure for table sifung.penturgor
CREATE TABLE IF NOT EXISTS `penturgor` (
  `kdpenturgor` char(1) DEFAULT NULL,
  `urpenturgor` varchar(50) DEFAULT NULL
) ENGINE=InnoDB DEFAULT CHARSET=utf8mb4 COLLATE=utf8mb4_0900_ai_ci COMMENT='referensi pilihan isi dari penilaian pemeriksaan turgor';

-- Dumping data for table sifung.penturgor: ~2 rows (approximately)
INSERT INTO `penturgor` (`kdpenturgor`, `urpenturgor`) VALUES
	('0', 'belum sesuai'),
	('1', 'sudah sesuai');

-- Dumping structure for table sifung.rincian01
CREATE TABLE IF NOT EXISTS `rincian01` (
  `id` int NOT NULL COMMENT 'id bersumber dari hasil input capaian.id',
  `urt` int NOT NULL COMMENT 'urt bersumber dari hasil input header.urt',
  `urtx` int NOT NULL AUTO_INCREMENT COMMENT 'sub indeks',
  `kdsubutir` char(1) CHARACTER SET utf8mb4 COLLATE utf8mb4_0900_ai_ci DEFAULT NULL COMMENT 'kode sub butir fungsional',
  `nops` varchar(50) CHARACTER SET utf8mb4 COLLATE utf8mb4_0900_ai_ci DEFAULT NULL COMMENT 'nomor kegiatan operasioal',
  `tgops` date DEFAULT NULL COMMENT 'tanggal kegiatan operasional',
  `jnsPPK` char(1) DEFAULT NULL COMMENT 'jenis permohonan',
  `asal` char(10) CHARACTER SET utf8mb4 COLLATE utf8mb4_0900_ai_ci DEFAULT NULL COMMENT 'asal negara atau kabupaten',
  `tujuan` char(10) DEFAULT NULL COMMENT 'tujuan negara atau kabupaten',
  `pemilik` text CHARACTER SET utf8mb4 COLLATE utf8mb4_0900_ai_ci COMMENT 'nama pemilik',
  `dok1` text COMMENT 'nama dokumen 1',
  `dok2` text COMMENT 'nama dokumen 2',
  `dok3` text COMMENT 'nama dokumen 3',
  `dok4` text COMMENT 'nama dokumen 4',
  `stat1` char(1) DEFAULT NULL COMMENT 'status nama dokumen 1',
  `stat2` char(1) DEFAULT NULL COMMENT 'status nama dokumen 2',
  `stat3` char(1) DEFAULT NULL COMMENT 'status nama dokumen 3',
  `stat4` char(1) DEFAULT NULL COMMENT 'status nama dokumen 4',
  `media` varchar(50) CHARACTER SET utf8mb4 COLLATE utf8mb4_0900_ai_ci DEFAULT NULL COMMENT 'jenis hewan',
  `jmlhewan` double DEFAULT NULL COMMENT 'jumlah hewan yang diperiksa / diisolasi',
  `kelamin` char(1) CHARACTER SET utf8mb4 COLLATE utf8mb4_0900_ai_ci DEFAULT NULL COMMENT '1 jantan, 2 betina, 3 jantan & betina',
  `bulukulit` text CHARACTER SET utf8mb4 COLLATE utf8mb4_0900_ai_ci COMMENT 'warna ciri2 bulu atau kulit',
  `kondisi` text CHARACTER SET utf8mb4 COLLATE utf8mb4_0900_ai_ci COMMENT 'kondisi umum',
  `nafsu` char(1) CHARACTER SET utf8mb4 COLLATE utf8mb4_0900_ai_ci DEFAULT NULL COMMENT 'nampung hasil pilihan dari tblnafsu.kdnafsu',
  `discharge` char(1) CHARACTER SET utf8mb4 COLLATE utf8mb4_0900_ai_ci DEFAULT NULL COMMENT 'nampung hasil pilihan dari tbldischarge.kddischarge',
  `keterangan` text CHARACTER SET utf8mb4 COLLATE utf8mb4_0900_ai_ci COMMENT 'ciri-ciri hewan',
  `suhu` text CHARACTER SET utf8mb4 COLLATE utf8mb4_0900_ai_ci COMMENT 'hasil pemeriksaan suhu',
  `pulsus` text CHARACTER SET utf8mb4 COLLATE utf8mb4_0900_ai_ci COMMENT 'hasil pemeriksaan pulsus',
  `respirasi` text CHARACTER SET utf8mb4 COLLATE utf8mb4_0900_ai_ci COMMENT 'hasil pemeriksaan respirasi',
  `limfo` text CHARACTER SET utf8mb4 COLLATE utf8mb4_0900_ai_ci COMMENT 'hasil pemeriksaan limfoglandula',
  `mukosa` text CHARACTER SET utf8mb4 COLLATE utf8mb4_0900_ai_ci COMMENT 'hasil pemeriksaan mukosa',
  `turgor` text CHARACTER SET utf8mb4 COLLATE utf8mb4_0900_ai_ci COMMENT 'hasil pemeriksaan turgor kulit',
  `lesi` text CHARACTER SET utf8mb4 COLLATE utf8mb4_0900_ai_ci COMMENT 'hasil pemeriksaan ada/tidaknya lesi',
  `nilaisuhu` char(1) CHARACTER SET utf8mb4 COLLATE utf8mb4_0900_ai_ci DEFAULT NULL COMMENT 'hasil penilaian pemeriksaan suhu',
  `nilaipulsus` char(1) CHARACTER SET utf8mb4 COLLATE utf8mb4_0900_ai_ci DEFAULT NULL COMMENT 'hasil penilaian pemeriksaan pulsus',
  `nilairespirasi` char(1) CHARACTER SET utf8mb4 COLLATE utf8mb4_0900_ai_ci DEFAULT NULL COMMENT 'hasil penilaian pemeriksaan respirasi',
  `nilailimfo` char(1) CHARACTER SET utf8mb4 COLLATE utf8mb4_0900_ai_ci DEFAULT NULL COMMENT 'hasil penilaian pemeriksaan limfoglandula',
  `nilaimukosa` char(1) CHARACTER SET utf8mb4 COLLATE utf8mb4_0900_ai_ci DEFAULT NULL COMMENT 'hasil penilaian pemeriksaan mukosa',
  `nilaiturgor` char(1) CHARACTER SET utf8mb4 COLLATE utf8mb4_0900_ai_ci DEFAULT NULL COMMENT 'hasil penilaian pemeriksaan turgor',
  `nilailesi` char(1) CHARACTER SET utf8mb4 COLLATE utf8mb4_0900_ai_ci DEFAULT NULL COMMENT 'hasil penilaian pemeriksaan lesi',
  `diagnosa` text CHARACTER SET utf8mb4 COLLATE utf8mb4_0900_ai_ci COMMENT 'hasil penetapan diagnosa',
  `tindaklanjut` text CHARACTER SET utf8mb4 COLLATE utf8mb4_0900_ai_ci COMMENT 'penjelasan tindak lanjut',
  `tmst` timestamp NULL DEFAULT CURRENT_TIMESTAMP,
  `riwayat` text CHARACTER SET utf8mb4 COLLATE utf8mb4_0900_ai_ci COMMENT 'x riwayat sakit atau vaksinasi',
  `raba` varchar(50) CHARACTER SET utf8mb4 COLLATE utf8mb4_0900_ai_ci DEFAULT NULL COMMENT 'x palpasi, auskultasi, perkusi',
  `catatan` text CHARACTER SET utf8mb4 COLLATE utf8mb4_0900_ai_ci COMMENT 'x hasil dicatat, diparaf dan diketahui oleh penyelia/supervisor',
  `rekam` text CHARACTER SET utf8mb4 COLLATE utf8mb4_0900_ai_ci COMMENT 'x rekam medis',
  `kesimpulan` text CHARACTER SET utf8mb4 COLLATE utf8mb4_0900_ai_ci COMMENT 'x keterangan tentang diagnosa',
  `angkutan` char(1) CHARACTER SET utf8mb4 COLLATE utf8mb4_0900_ai_ci DEFAULT NULL COMMENT 'x jenis alat angkut',
  `kondisiangkutan` char(1) CHARACTER SET utf8mb4 COLLATE utf8mb4_0900_ai_ci DEFAULT NULL COMMENT 'x kondisi alat angkut',
  `penampakan` text CHARACTER SET utf8mb4 COLLATE utf8mb4_0900_ai_ci COMMENT 'x kondisi cara berdiri dan bergerak / kondisi umum',
  PRIMARY KEY (`urtx`),
  KEY `urt` (`urt`),
  KEY `id` (`id`)
) ENGINE=InnoDB AUTO_INCREMENT=13 DEFAULT CHARSET=utf8mb4 COLLATE=utf8mb4_0900_ai_ci COMMENT='klinis dan organoleptik';

-- Dumping data for table sifung.rincian01: ~10 rows (approximately)
INSERT INTO `rincian01` (`id`, `urt`, `urtx`, `kdsubutir`, `nops`, `tgops`, `jnsPPK`, `asal`, `tujuan`, `pemilik`, `dok1`, `dok2`, `dok3`, `dok4`, `stat1`, `stat2`, `stat3`, `stat4`, `media`, `jmlhewan`, `kelamin`, `bulukulit`, `kondisi`, `nafsu`, `discharge`, `keterangan`, `suhu`, `pulsus`, `respirasi`, `limfo`, `mukosa`, `turgor`, `lesi`, `nilaisuhu`, `nilaipulsus`, `nilairespirasi`, `nilailimfo`, `nilaimukosa`, `nilaiturgor`, `nilailesi`, `diagnosa`, `tindaklanjut`, `tmst`, `riwayat`, `raba`, `catatan`, `rekam`, `kesimpulan`, `angkutan`, `kondisiangkutan`, `penampakan`) VALUES
	(25, 13, 2, 'a', 'abcde', '2022-01-01', 'I', 'AU', '16015', 'Arnold', 'dok1', 'dok2', NULL, NULL, '1', '', '', '1', '', 20, '1', NULL, NULL, 'b', '1', NULL, '100', NULL, NULL, NULL, NULL, '', NULL, NULL, NULL, NULL, NULL, NULL, NULL, NULL, NULL, NULL, NULL, 'a', 'c', NULL, 'a', 'OK', '', '', ''),
	(25, 13, 4, 'a', '222', '2022-01-01', 'E', '16032', 'AF', 'Akihito', NULL, NULL, NULL, NULL, NULL, NULL, NULL, NULL, '1BC0A', 10, NULL, NULL, NULL, 'c', NULL, NULL, '38', NULL, NULL, NULL, NULL, 'b', NULL, NULL, NULL, NULL, NULL, NULL, NULL, NULL, NULL, NULL, '2022-05-18 03:13:02', 'a', 'a', NULL, 'a', 'Setelah dilakukan serangkaian proses pemeriksaan klinis dan berdasarkan pemeriksaan dokumen persyaratan maka dinyatakan hewan sehat dan tidak berpotensi menularkan HPHK.', '1', 'a', 'a'),
	(25, 13, 5, 'a', '333', '2022-01-01', 'K', '16020', '18004', 'Lalu Marta', NULL, NULL, NULL, NULL, NULL, NULL, NULL, NULL, '1AE1A', 3, NULL, NULL, NULL, 'b', NULL, NULL, '38', NULL, NULL, NULL, NULL, 'a', NULL, NULL, NULL, NULL, NULL, NULL, NULL, NULL, NULL, NULL, '2022-05-18 03:19:44', 'a', 'a', NULL, 'a', 'Kondisi diketahu sehat tanpa menunjukkan gejala klinis HPHK dan potensi penyebaran HPHK.', '1', 'b', 'a'),
	(25, 13, 6, 'a', '555', '2022-01-01', 'M', '22006', '16013', 'Tikno', NULL, NULL, NULL, NULL, NULL, NULL, NULL, NULL, '1BF0A', 1, NULL, NULL, NULL, 'c', NULL, NULL, '38,5', NULL, NULL, NULL, NULL, 'a', NULL, NULL, NULL, NULL, NULL, NULL, NULL, NULL, NULL, NULL, '2022-05-18 03:27:36', '', 'a', NULL, 'a', 'Burung dinyatakan sehat setelah dilakukan pengamatan sesaat setelah kedatangan.', '1', 'b', 'b'),
	(25, 13, 7, 'a', '444444', '2022-01-01', 'K', '16037', '18006', 'Arnold', 'dok1', 'dok2', NULL, NULL, '1', '', '', '1', '', 20, '1', NULL, NULL, 'b', '1', NULL, '100', NULL, NULL, NULL, NULL, '', NULL, NULL, NULL, NULL, NULL, NULL, NULL, NULL, NULL, NULL, '2022-05-19 00:03:55', 'a', 'a', NULL, 'b', 'OK', '', '', ''),
	(30, 17, 8, 'a', '999', '2022-05-01', 'I', 'AF', '16038', 'Test', NULL, NULL, NULL, NULL, NULL, NULL, NULL, NULL, '1DA0C', 1, NULL, NULL, NULL, 'a', NULL, NULL, '37', NULL, NULL, NULL, NULL, 'a', NULL, NULL, NULL, NULL, NULL, NULL, NULL, NULL, NULL, NULL, '2022-05-19 13:32:17', NULL, 'a', NULL, 'a', 'Restart ', '1', 'a', 'a'),
	(25, 13, 9, 'a', '777', '2022-05-23', 'I', 'AU', '16015', 'lautan', NULL, NULL, NULL, NULL, NULL, NULL, NULL, NULL, '1AA1A', 100, NULL, NULL, NULL, 'a', NULL, NULL, '38', NULL, NULL, NULL, NULL, 'a', NULL, NULL, NULL, NULL, NULL, NULL, NULL, NULL, NULL, NULL, '2022-05-23 02:52:45', NULL, 'a', NULL, 'a', 'www', '1', 'b', 'a'),
	(25, 13, 10, 'a', '111', '2022-09-08', 'K', '1637', '18006', 'Eko', 'dok1', 'dok2', '', '', '1', '', '', '1', '', 20, '1', NULL, NULL, NULL, '1', NULL, '100', NULL, NULL, NULL, NULL, '', NULL, NULL, NULL, NULL, NULL, NULL, NULL, NULL, NULL, NULL, '2022-09-08 13:12:05', NULL, NULL, NULL, NULL, 'OK', '', '', ''),
	(25, 13, 11, 'a', 'abcde', '2022-01-01', 'K', '', '', 'Arnold', 'dok1', 'dok2', '', '', '1', '', '', '1', '', 20, '1', NULL, NULL, NULL, '1', NULL, '100', NULL, NULL, NULL, NULL, '', NULL, NULL, NULL, NULL, NULL, NULL, NULL, NULL, NULL, NULL, '2022-09-08 13:14:08', NULL, NULL, NULL, NULL, 'OK', '', '', ''),
	(25, 13, 12, 'a', NULL, '2022-09-08', 'E', NULL, NULL, NULL, '', '', '', '', '1', '1', '1', '1', NULL, NULL, '1', NULL, NULL, NULL, '1', NULL, NULL, NULL, NULL, NULL, NULL, NULL, NULL, NULL, NULL, NULL, NULL, NULL, NULL, NULL, NULL, NULL, '2022-09-08 13:26:52', NULL, NULL, NULL, NULL, NULL, NULL, NULL, NULL);

-- Dumping structure for table sifung.tbldaerah
CREATE TABLE IF NOT EXISTS `tbldaerah` (
  `rgkd` varchar(64) NOT NULL COMMENT 'kode kabupaten/kota',
  `prov` varchar(64) NOT NULL COMMENT 'nama provinsi',
  `rgnm` varchar(64) NOT NULL COMMENT 'nama kabupaten/kota',
  `cptl` varchar(64) NOT NULL COMMENT 'nama ibukota',
  `rglv` varchar(16) DEFAULT NULL,
  `prfx` varchar(4) DEFAULT NULL COMMENT 'jenis tingkat II',
  `cmnt` text COMMENT 'keterangan',
  PRIMARY KEY (`rgkd`)
) ENGINE=InnoDB DEFAULT CHARSET=latin1 COMMENT='referensi kabupaten/kota + provinsi [25 Okt 2014]';

-- Dumping data for table sifung.tbldaerah: ~545 rows (approximately)
INSERT INTO `tbldaerah` (`rgkd`, `prov`, `rgnm`, `cptl`, `rglv`, `prfx`, `cmnt`) VALUES
	('00000', '', 'Republik Indonesia', '', '0', NULL, NULL),
	('01000', 'Aceh', 'Provinsi Aceh', 'Banda Aceh', '1', 'PRV', NULL),
	('01001', 'Aceh', 'Kabupaten Aceh Barat', 'Meulaboh', '2', 'KAB', NULL),
	('01002', 'Aceh', 'Kabupaten Aceh Besar', 'Jantho', '2', 'KAB', NULL),
	('01003', 'Aceh', 'Kabupaten Aceh Selatan', 'Tapaktuan', '2', 'KAB', NULL),
	('01004', 'Aceh', 'Kabupaten Aceh Timur', 'Idi Rayeuk', '2', 'KAB', NULL),
	('01005', 'Aceh', 'Kabupaten Aceh Tengah', 'Takengon', '2', 'KAB', NULL),
	('01006', 'Aceh', 'Kabupaten Aceh Utara', 'Lhoksukon', '2', 'KAB', NULL),
	('01007', 'Aceh', 'Kabupaten Pidie', 'Sigli', '2', 'KAB', NULL),
	('01008', 'Aceh', 'Kabupaten Aceh Tenggara', 'Kutacane', '2', 'KAB', NULL),
	('01009', 'Aceh', 'Kabupaten Aceh Singkil', 'Singkil', '2', 'KAB', NULL),
	('01010', 'Aceh', 'Kabupaten Bireuen', 'Bireun', '2', 'KAB', NULL),
	('01011', 'Aceh', 'Kabupaten Simeulue', 'Sinabang', '2', 'KAB', NULL),
	('01012', 'Aceh', 'Kabupaten Aceh Barat Daya', 'Blangpidie', '2', 'KAB', NULL),
	('01013', 'Aceh', 'Kabupaten Aceh Tamiang', 'Karang Baru', '2', 'KAB', NULL),
	('01014', 'Aceh', 'Kabupaten Aceh Jaya', 'Calang', '2', 'KAB', NULL),
	('01015', 'Aceh', 'Kabupaten Gayo Lues', 'Blangkejeren', '2', 'KAB', NULL),
	('01016', 'Aceh', 'Kabupaten Nagan Raya', 'Suka Makmur', '2', 'KAB', NULL),
	('01017', 'Aceh', 'Kabupaten Bener Meriah', 'Simpang Tiga Redelong', '2', 'KAB', NULL),
	('01018', 'Aceh', 'Kabupaten Pidie Jaya', 'Meureudu', '2', 'KAB', NULL),
	('01019', 'Aceh', 'Kota Banda Aceh', 'Banda Aceh', '2', 'KOT', NULL),
	('01020', 'Aceh', 'Kota Sabang', 'Sabang', '2', 'KOT', NULL),
	('01021', 'Aceh', 'Kota Lhokseumawe', 'Lhokseumawe', '2', 'KOT', NULL),
	('01022', 'Aceh', 'Kota Langsa', 'Langsa', '2', 'KOT', NULL),
	('01023', 'Aceh', 'Kota Subulussalam', 'Subulussalam', '2', 'KOT', NULL),
	('02000', 'Sumatera Utara', 'Provinsi Sumatera Utara', 'Medan', '1', 'PRV', NULL),
	('02001', 'Sumatera Utara', 'Kabupaten Asahan', 'TanjungBalai', '2', 'KAB', NULL),
	('02002', 'Sumatera Utara', 'Kabupaten Deli Serdang', 'LubukPakam', '2', 'KAB', NULL),
	('02003', 'Sumatera Utara', 'Kabupaten Karo', 'Kabanjahe', '2', 'KAB', NULL),
	('02004', 'Sumatera Utara', 'Kabupaten Labuhan Batu', 'RantauPrapat', '2', 'KAB', NULL),
	('02005', 'Sumatera Utara', 'Kabupaten Langkat', 'Stabat', '2', 'KAB', NULL),
	('02006', 'Sumatera Utara', 'Kabupaten Nias', 'Gunungsitoli', '2', 'KAB', NULL),
	('02007', 'Sumatera Utara', 'Kabupaten Simalungun', 'Pematang Raya', '2', 'KAB', NULL),
	('02008', 'Sumatera Utara', 'Kabupaten Tapanuli Selatan', 'Sipirok', '2', 'KAB', NULL),
	('02009', 'Sumatera Utara', 'Kabupaten Tapanuli Tengah', 'Pandan', '2', 'KAB', NULL),
	('02010', 'Sumatera Utara', 'Kabupaten Tapanuli Utara', 'Tarutung', '2', 'KAB', NULL),
	('02011', 'Sumatera Utara', 'Kabupaten Dairi', 'Sidikalang', '2', 'KAB', NULL),
	('02012', 'Sumatera Utara', 'Kabupaten Mandailing Natal', 'Panyabungan', '2', 'KAB', NULL),
	('02013', 'Sumatera Utara', 'Kabupaten Toba Samosir', 'Balige', '2', 'KAB', NULL),
	('02014', 'Sumatera Utara', 'Kabupaten Humbang Hasundutan', 'Dolok Sanggul', '2', 'KAB', NULL),
	('02015', 'Sumatera Utara', 'Kabupaten Nias Selatan', 'Teluk Dalam', '2', 'KAB', NULL),
	('02016', 'Sumatera Utara', 'Kabupaten Pakpak Bharat', 'Salak', '2', 'KAB', NULL),
	('02017', 'Sumatera Utara', 'Kabupaten Samosir', 'Pangururan', '2', 'KAB', NULL),
	('02018', 'Sumatera Utara', 'Kabupaten Serdang Bedagai', 'Sei Rampah', '2', 'KAB', NULL),
	('02019', 'Sumatera Utara', 'Kabupaten Batu Bara', 'Lima Puluh', '2', 'KAB', NULL),
	('02020', 'Sumatera Utara', 'Kabupaten Padang Lawas Utara', 'Gunung Tua', '2', 'KAB', NULL),
	('02021', 'Sumatera Utara', 'Kabupaten Padang Lawas', 'Sibuhuan', '2', 'KAB', NULL),
	('02022', 'Sumatera Utara', 'Kabupaten Labuhanbatu Selatan', 'Kota Pinang', '2', 'KAB', NULL),
	('02023', 'Sumatera Utara', 'Kabupaten Labuhanbatu Utara', 'AekKanopan', '2', 'KAB', NULL),
	('02024', 'Sumatera Utara', 'Kabupaten Nias Utara', 'Lolofaoso', '2', 'KAB', NULL),
	('02025', 'Sumatera Utara', 'Kabupaten Nias Barat', 'Onolimbu', '2', 'KAB', NULL),
	('02026', 'Sumatera Utara', 'Kota Medan', 'Medan', '2', 'KOT', NULL),
	('02027', 'Sumatera Utara', 'Kota Pematang Siantar', 'Pematang Siantar', '2', 'KOT', NULL),
	('02028', 'Sumatera Utara', 'Kota Sibolga', 'Sibolga', '2', 'KOT', NULL),
	('02029', 'Sumatera Utara', 'Kota Binjai', 'Binjai', '2', 'KOT', NULL),
	('02030', 'Sumatera Utara', 'Kota Tanjung Balai', 'Tanjung Balai', '2', 'KOT', NULL),
	('02031', 'Sumatera Utara', 'Kota Tebing Tinggi', 'Tebing Tinggi', '2', 'KOT', NULL),
	('02032', 'Sumatera Utara', 'Kota Padang Sidempuan', 'Padang Sidempuan', '2', 'KOT', NULL),
	('02033', 'Sumatera Utara', 'Kota Gunungsitoli', 'Gunungsitoli', '2', 'KOT', NULL),
	('03000', 'Sumatera Barat', 'Provinsi Sumatera Barat', 'Padang', '1', 'PRV', NULL),
	('03001', 'Sumatera Barat', 'Kabupaten Agam', 'Lubuk Besung', '2', 'KAB', NULL),
	('03002', 'Sumatera Barat', 'Kabupaten Lima Puluh Kota', 'Sarilamak', '2', 'KAB', NULL),
	('03003', 'Sumatera Barat', 'Kabupaten Padang Pariaman', 'Parit Melintang', '2', 'KAB', NULL),
	('03004', 'Sumatera Barat', 'Kabupaten Pasaman', 'Lubuk Sikaping', '2', 'KAB', NULL),
	('03005', 'Sumatera Barat', 'Kabupaten Pesisir Selatan', 'Painan', '2', 'KAB', NULL),
	('03006', 'Sumatera Barat', 'abupaten Sijunjung', 'Sijunjung', '2', 'KOT', NULL),
	('03007', 'Sumatera Barat', 'Kabupaten Solok', 'Aro-Sukarami', '2', 'KAB', NULL),
	('03008', 'Sumatera Barat', 'Kabupaten Tanah Datar', 'Batu Sangkar', '2', 'KAB', NULL),
	('03009', 'Sumatera Barat', 'Kabupaten Kepulauan Mentawai', 'Tua Pejat', '2', 'KAB', NULL),
	('03010', 'Sumatera Barat', 'Kabupaten Dharmasraya', 'Pulau Punjung', '2', 'KAB', NULL),
	('03011', 'Sumatera Barat', 'Kabupaten Pasaman Barat', 'Simpang Empat', '2', 'KAB', NULL),
	('03012', 'Sumatera Barat', 'Kabupaten Solok Selatan', 'Padang Aro', '2', 'KAB', NULL),
	('03013', 'Sumatera Barat', 'Kota Padangpanjang', 'Padangpanjang', '2', 'KOT', NULL),
	('03014', 'Sumatera Barat', 'Kota Payakumbuh', 'Payakumbuh', '2', 'KOT', NULL),
	('03015', 'Sumatera Barat', 'Kota Sawahlunto', 'Sawahlunto', '2', 'KOT', NULL),
	('03016', 'Sumatera Barat', 'Kota Solok', 'Solok', '2', 'KOT', NULL),
	('03017', 'Sumatera Barat', 'Kota Bukittinggi', 'Bukittinggi', '2', 'KOT', NULL),
	('03018', 'Sumatera Barat', 'Kota Padang', 'Padang', '2', 'KOT', NULL),
	('03019', 'Sumatera Barat', 'Kota Pariaman', 'Pariaman', '2', 'KOT', NULL),
	('04000', 'Jambi', 'Provinsi Jambi', 'Jambi', '1', 'PRV', NULL),
	('04001', 'Jambi', 'Kabupaten Batang Hari', 'MuaraBulian', '2', 'KAB', NULL),
	('04002', 'Jambi', 'Kabupaten Bungo', 'MuaroBungo', '2', 'KAB', NULL),
	('04003', 'Jambi', 'Kabupaten Merangin', 'Bangko', '2', 'KAB', NULL),
	('04004', 'Jambi', 'Kabupaten Tanjung Jabung Barat', 'Kuala Tungkal', '2', 'KAB', NULL),
	('04005', 'Jambi', 'Kabupaten Kerinci', 'Sungai Penuh', '2', 'KAB', NULL),
	('04006', 'Jambi', 'Kabupaten Tebo', 'Tebo', '2', 'KAB', NULL),
	('04007', 'Jambi', 'Kabupaten Muaro Jambi', 'Sengiti', '2', 'KAB', NULL),
	('04008', 'Jambi', 'Kabupaten Sarolangun', 'Sarolangun', '2', 'KAB', NULL),
	('04009', 'Jambi', 'Kabupaten Tanjung Jabung Timur', 'Muarasabak', '2', 'KAB', NULL),
	('04010', 'Jambi', 'Kota Jambi', 'Jambi', '2', 'KOT', NULL),
	('04011', 'Jambi', 'Kota Sungai Penuh', 'Sungai Penuh', '2', 'KOT', NULL),
	('05000', 'Riau', 'Provinsi Riau', 'Pekanbaru', '1', 'PRV', NULL),
	('05001', 'Riau', 'Kabupaten Bengkalis', 'Bengkalis', '2', 'KAB', NULL),
	('05002', 'Riau', 'Kabupaten Indragiri Hulu', 'Rengat', '2', 'KAB', NULL),
	('05003', 'Riau', 'Kabupaten Kampar', 'Kampar', '2', 'KAB', NULL),
	('05004', 'Riau', 'Kabupaten Indragiri Hilir', 'Tembilahan', '2', 'KAB', NULL),
	('05005', 'Riau', 'Kabupaten Kuantan Singingi', 'Teluk Kuantan', '2', 'KAB', NULL),
	('05006', 'Riau', 'Kabupaten Pelalawan', 'Pangkalan Kerinci', '2', 'KAB', NULL),
	('05007', 'Riau', 'Kabupaten Rokan Hulu', 'Pasir Pangaraian', '2', 'KAB', NULL),
	('05008', 'Riau', 'Kabupaten Rokan Hilir', 'Ujung Tanjung', '2', 'KAB', NULL),
	('05009', 'Riau', 'Kabupaten Siak', 'Siak Sri Indrapura', '2', 'KAB', NULL),
	('05010', 'Riau', 'Kabupaten Kepulauan Meranti', 'Selat Panjang', '2', 'KAB', NULL),
	('05011', 'Riau', 'Kota Pekanbaru', 'Pekanbaru', '2', 'KOT', NULL),
	('05012', 'Riau', 'Kota Dumai', 'Dumai', '2', 'KOT', NULL),
	('06000', 'Kepulauan Riau', 'Provinsi Kepulauan Riau', 'Tanjung Pinang', '1', 'PRV', NULL),
	('06001', 'Kepulauan Riau', 'abupaten Bintan', 'Bandar Seri Bentan', '2', 'KOT', NULL),
	('06002', 'Kepulauan Riau', 'Kabupaten Karimun', 'Tanjung Balai Karimun', '2', 'KAB', NULL),
	('06003', 'Kepulauan Riau', 'Kabupaten Natuna', 'Ranai', '2', 'KAB', NULL),
	('06004', 'Kepulauan Riau', 'Kabupaten Lingga', 'Daik Lingga', '2', 'KAB', NULL),
	('06005', 'Kepulauan Riau', 'Kabupaten Kepulauan Anambas', 'Siantan', '2', 'KAB', NULL),
	('06006', 'Kepulauan Riau', 'Kota Batam', 'Batam', '2', 'KOT', NULL),
	('06007', 'Kepulauan Riau', 'Kota Tanjung Pinang', 'Tanjung Pinang', '2', 'KOT', NULL),
	('07000', 'Bengkulu', 'Provinsi Bengkulu', 'Bengkulu', '1', 'PRV', NULL),
	('07001', 'Bengkulu', 'Kabupaten Bengkulu Selatan', 'Teluk Betung', '2', 'KAB', NULL),
	('07002', 'Bengkulu', 'Kabupaten Bengkulu Utara', 'Arga Makmur', '2', 'KAB', NULL),
	('07003', 'Bengkulu', 'Kabupaten Rejang Lebong', 'Curup', '2', 'KAB', NULL),
	('07004', 'Bengkulu', 'Kabupaten Kaur', 'Bintuha', '2', 'KAB', NULL),
	('07005', 'Bengkulu', 'Kabupaten Seluma', 'Tais', '2', 'KAB', NULL),
	('07006', 'Bengkulu', 'Kabupaten Muko-Muko', 'Muko-Muko', '2', 'KAB', NULL),
	('07007', 'Bengkulu', 'Kabupaten Kepahiang', 'Kepahiang', '2', 'KAB', NULL),
	('07008', 'Bengkulu', 'Kabupaten Lebong', 'Tubei', '2', 'KAB', NULL),
	('07009', 'Bengkulu', 'Kabupaten Bengkulu Tengah', 'Karang Tinggi', '2', 'KAB', NULL),
	('07010', 'Bengkulu', 'Kota Bengkulu', 'Bengkulu', '2', 'KOT', NULL),
	('08000', 'Sumatera Selatan', 'Provinsi Sumatera Selatan', 'Palembang', '1', 'PRV', NULL),
	('08001', 'Sumatera Selatan', 'Kabupaten Lahat', 'Lahat', '2', 'KAB', NULL),
	('08002', 'Sumatera Selatan', 'Kabupaten Muara Enim', 'MuaraEnim', '2', 'KAB', NULL),
	('08003', 'Sumatera Selatan', 'Kabupaten Musi Banyuasin', 'Sekayu', '2', 'KAB', NULL),
	('08004', 'Sumatera Selatan', 'Kabupaten Musi Rawas', 'MuaraBeliti', '2', 'KAB', NULL),
	('08005', 'Sumatera Selatan', 'Kabupaten Ogan Komering Ilir', 'Kayuagung', '2', 'KAB', NULL),
	('08006', 'Sumatera Selatan', 'Kabupaten Ogan Komering Ulu', 'Baturaja', '2', 'KAB', NULL),
	('08007', 'Sumatera Selatan', 'Kabupaten Banyuasin', 'Pangkalan Balai', '2', 'KAB', NULL),
	('08008', 'Sumatera Selatan', 'Kabupaten Ogan Ilir', 'Indralaya', '2', 'KAB', NULL),
	('08009', 'Sumatera Selatan', 'Kabupaten Ogan Komering Ulu Timur', 'Martapura', '2', 'KAB', NULL),
	('08010', 'Sumatera Selatan', 'Kabupaten Ogan Komering Ulu Selatan', 'Muaradua', '2', 'KAB', NULL),
	('08011', 'Sumatera Selatan', 'Kabupaten Empat Lawang', 'Tebing Tinggi', '2', 'KAB', NULL),
	('08012', 'Sumatera Selatan', 'Kabupaten Penukal Abab Lematang Ilir', 'Talang Ubi', '2', 'KAB', NULL),
	('08013', 'Sumatera Selatan', 'Kabupaten Musi Rawas Utara', 'Muara Rupit', '2', 'KAB', NULL),
	('08014', 'Sumatera Selatan', 'Kota Palembang', 'Palembang', '2', 'KOT', NULL),
	('08015', 'Sumatera Selatan', 'Kota Prabumulih', 'Prabumulih', '2', 'KOT', NULL),
	('08016', 'Sumatera Selatan', 'Kota Lubuk Linggau', 'Lubuk Linggau', '2', 'KOT', NULL),
	('08017', 'Sumatera Selatan', 'Kota Pagar Alam', 'PagarAlam', '2', 'KOT', NULL),
	('09000', 'Bangka Belitung', 'Provinsi Bangka Belitung', 'Pangkal Pinang', '1', 'PRV', NULL),
	('09001', 'Bangka Belitung', 'Kabupaten Bangka', 'Sungailiat', '2', 'KAB', NULL),
	('09002', 'Bangka Belitung', 'Kabupaten Belitung', 'Tanjungpandan', '2', 'KAB', NULL),
	('09003', 'Bangka Belitung', 'Kabupaten Bangka Barat', 'Mentok', '2', 'KAB', NULL),
	('09004', 'Bangka Belitung', 'Kabupaten Bangka Tengah', 'Koba', '2', 'KAB', NULL),
	('09005', 'Bangka Belitung', 'Kabupaten Bangka Selatan', 'Toboali', '2', 'KAB', NULL),
	('09006', 'Bangka Belitung', 'Kabupaten Belitung Timur', 'Manggar', '2', 'KAB', NULL),
	('09007', 'Bangka Belitung', 'Kota Pangkal Pinang', 'Pangkal Pinang', '2', 'KOT', NULL),
	('10000', 'Lampung', 'Provinsi Lampung', 'Bandar Lampung', '1', 'PRV', NULL),
	('10001', 'Lampung', 'Kabupaten Lampung Selatan', 'Teluk Betung', '2', 'KAB', NULL),
	('10002', 'Lampung', 'Kabupaten Lampung Tengah', 'Gunung Sugih', '2', 'KAB', NULL),
	('10003', 'Lampung', 'Kabupaten Lampung Utara', 'Kotabumi', '2', 'KAB', NULL),
	('10004', 'Lampung', 'Kabupaten Lampung Barat', 'Lima', '2', 'KAB', NULL),
	('10005', 'Lampung', 'Kabupaten Tanggamus', 'Kota Agung', '2', 'KAB', NULL),
	('10006', 'Lampung', 'Kabupaten Tulang Bawang', 'Menggala', '2', 'KAB', NULL),
	('10007', 'Lampung', 'Kabupaten Lampung Timur', 'Sukadana', '2', 'KAB', NULL),
	('10008', 'Lampung', 'Kabupaten Way Kanan', 'Blambangan Umpu', '2', 'KAB', NULL),
	('10009', 'Lampung', 'Kabupaten Pesawaran', 'Gedong Tataan', '2', 'KAB', NULL),
	('10010', 'Lampung', 'Kabupaten Pringsewu', 'Pringsewu', '2', 'KAB', NULL),
	('10011', 'Lampung', 'Kabupaten Mesuji', 'Sidomulyo', '2', 'KAB', NULL),
	('10012', 'Lampung', 'Kabupaten Tulang Bawang Barat', 'Panarangan', '2', 'KAB', NULL),
	('10013', 'Lampung', 'Kabupaten Lampung Barat', 'Krui', '2', 'KAB', NULL),
	('10014', 'Lampung', 'Kota Bandar Lampung', 'Bandar Lampung', '2', 'KOT', NULL),
	('10015', 'Lampung', 'Kota Metro', 'Metro', '2', 'KOT', NULL),
	('11000', 'Banten', 'Provinsi Banten', 'Serang', '1', 'PRV', NULL),
	('11001', 'Banten', 'Kabupaten Lebak', 'Rangkasbitung', '2', 'KAB', NULL),
	('11002', 'Banten', 'Kabupaten Pandeglang', 'Pandeglang', '2', 'KAB', NULL),
	('11003', 'Banten', 'Kabupaten Serang', 'Serang', '2', 'KAB', NULL),
	('11004', 'Banten', 'Kabupaten Tangerang', 'Tigaraksa', '2', 'KAB', NULL),
	('11005', 'Banten', 'Kota Tangerang', 'Tangerang', '2', 'KOT', NULL),
	('11006', 'Banten', 'Kota Cilegon', 'Cilegon', '2', 'KOT', NULL),
	('11007', 'Banten', 'Kota Serang', 'Serang', '2', 'KOT', NULL),
	('11008', 'Banten', 'Kota Tangerang Selatan', 'Tangerang Selatan', '2', 'KOT', NULL),
	('12000', 'Jakarta', 'Provinsi Daerah Khusus Ibukota Jakarta', 'Jakarta', '1', 'PRV', NULL),
	('12001', 'DKI Jakarta', 'Kota AdministratifJakarta Barat', '-', '2', 'KOT', NULL),
	('12002', 'DKI Jakarta', 'Kota Administratif Jakarta Pusat', '-', '2', 'KOT', NULL),
	('12003', 'DKI Jakarta', 'Kota Administratif Jakarta Utara', '-', '2', 'KOT', NULL),
	('12004', 'DKI Jakarta', 'Kota Administratif Jakarta Timur', '-', '2', 'KOT', NULL),
	('12005', 'DKI Jakarta', 'Kota Administratif Jakarta Selatan', '-', '2', 'KOT', NULL),
	('12006', 'DKI Jakarta', 'Kabupaten Administratif Kepulauan Seribu', 'Pulau Pramuka', '2', 'KAB', NULL),
	('13000', 'Jawa Barat', 'Provinsi Jawa Barat', 'Bandung', '1', 'PRV', NULL),
	('13001', 'Jawa Barat', 'Kabupaten Bandung', 'Soreang', '2', 'KAB', NULL),
	('13002', 'Jawa Barat', 'Kabupaten Bekasi', 'Cikarang', '2', 'KAB', NULL),
	('13003', 'Jawa Barat', 'Kabupaten Bogor', 'Cibinong', '2', 'KAB', NULL),
	('13004', 'Jawa Barat', 'Kabupaten Ciamis', 'Ciamis', '2', 'KAB', NULL),
	('13005', 'Jawa Barat', 'Kabupaten Cianjur', 'Cianjur', '2', 'KAB', NULL),
	('13006', 'Jawa Barat', 'Kabupaten Cirebon', 'Sumber', '2', 'KAB', NULL),
	('13007', 'Jawa Barat', 'Kabupaten Garut', 'Garut', '2', 'KAB', NULL),
	('13008', 'Jawa Barat', 'Kabupaten Indramayu', 'Indramayu', '2', 'KAB', NULL),
	('13009', 'Jawa Barat', 'Kabupaten Karawang', 'Karawang', '2', 'KAB', NULL),
	('13010', 'Jawa Barat', 'Kabupaten Kuningan', 'Kuningan', '2', 'KAB', NULL),
	('13011', 'Jawa Barat', 'Kabupaten Majalengka', 'Majalengka', '2', 'KAB', NULL),
	('13012', 'Jawa Barat', 'Kabupaten Sukabumi', 'PelabuhanRatu', '2', 'KAB', NULL),
	('13013', 'Jawa Barat', 'Kabupaten Sumedang', 'Sumedang', '2', 'KAB', NULL),
	('13014', 'Jawa Barat', 'Kabupaten Tasikmalaya', 'Singaparna', '2', 'KAB', NULL),
	('13015', 'Jawa Barat', 'Kabupaten Purwakarta', 'Purwakarta', '2', 'KAB', NULL),
	('13016', 'Jawa Barat', 'Kabupaten Subang', 'Subang', '2', 'KAB', NULL),
	('13017', 'Jawa Barat', 'Kabupaten Bandung Barat', 'Ngamprah', '2', 'KAB', NULL),
	('13018', 'Jawa Barat', 'Kabupaten Pangandaran', 'Parigi', '2', 'KAB', NULL),
	('13019', 'Jawa Barat', 'Kota Bandung', 'Bandung', '2', 'KOT', NULL),
	('13020', 'Jawa Barat', 'Kota Bogor', 'Bogor', '2', 'KOT', NULL),
	('13021', 'Jawa Barat', 'Kota Cirebon', 'Cirebon', '2', 'KOT', NULL),
	('13022', 'Jawa Barat', 'Kota Sukabumi', 'Sukabumi', '2', 'KOT', NULL),
	('13023', 'Jawa Barat', 'Kota Bekasi', 'Bekasi', '2', 'KOT', NULL),
	('13024', 'Jawa Barat', 'Kota Depok', 'Depok', '2', 'KOT', NULL),
	('13025', 'Jawa Barat', 'Kota Cimahi', 'Cimahi', '2', 'KOT', NULL),
	('13026', 'Jawa Barat', 'Kota Tasikmalaya', 'Tasikmalaya', '2', 'KOT', NULL),
	('13027', 'Jawa Barat', 'Kota Banjar', 'Banjar', '2', 'KOT', NULL),
	('14000', 'Jawa Tengah', 'Provinsi Jawa Tengah', 'Semarang', '1', 'PRV', NULL),
	('14001', 'Jawa Tengah', 'Kabupaten Banjarnegara', 'Banjarnegara', '2', 'KAB', NULL),
	('14002', 'Jawa Tengah', 'Kabupaten Banyumas', 'Purwokerto', '2', 'KAB', NULL),
	('14003', 'Jawa Tengah', 'Kabupaten Blora', 'Blora', '2', 'KAB', NULL),
	('14004', 'Jawa Tengah', 'Kabupaten Boyolali', 'Boyolali', '2', 'KAB', NULL),
	('14005', 'Jawa Tengah', 'Kabupaten Brebes', 'Brebes', '2', 'KAB', NULL),
	('14006', 'Jawa Tengah', 'Kabupaten Cilacap', 'Cilacap', '2', 'KAB', NULL),
	('14007', 'Jawa Tengah', 'Kabupaten Demak', 'Demak', '2', 'KAB', NULL),
	('14008', 'Jawa Tengah', 'Kabupaten Grobogan', 'Purwodadi', '2', 'KAB', NULL),
	('14009', 'Jawa Tengah', 'Kabupaten Jepara', 'Jepara', '2', 'KAB', NULL),
	('14010', 'Jawa Tengah', 'Kabupaten Karanganyar', 'Karanganyar', '2', 'KAB', NULL),
	('14011', 'Jawa Tengah', 'Kabupaten Kebumen', 'Kebumen', '2', 'KAB', NULL),
	('14012', 'Jawa Tengah', 'Kabupaten Kendal', 'Kendal', '2', 'KAB', NULL),
	('14013', 'Jawa Tengah', 'Kabupaten Klaten', 'Klaten', '2', 'KAB', NULL),
	('14014', 'Jawa Tengah', 'Kabupaten Kudus', 'Kudus', '2', 'KAB', NULL),
	('14015', 'Jawa Tengah', 'Kabupaten Magelang', 'Mungkid', '2', 'KAB', NULL),
	('14016', 'Jawa Tengah', 'Kabupaten Pati', 'Pati', '2', 'KAB', NULL),
	('14017', 'Jawa Tengah', 'Kabupaten Pekalongan', 'Kajen', '2', 'KAB', NULL),
	('14018', 'Jawa Tengah', 'Kabupaten Pemalang', 'Pemalang', '2', 'KAB', NULL),
	('14019', 'Jawa Tengah', 'Kabupaten Purbalingga', 'Purbalingga', '2', 'KAB', NULL),
	('14020', 'Jawa Tengah', 'Kabupaten Purworejo', 'Purworejo', '2', 'KAB', NULL),
	('14021', 'Jawa Tengah', 'Kabupaten Rembang', 'Rembang', '2', 'KAB', NULL),
	('14022', 'Jawa Tengah', 'Kabupaten Semarang', 'Ungaran', '2', 'KAB', NULL),
	('14023', 'Jawa Tengah', 'Kabupaten Sragen', 'Sragen', '2', 'KAB', NULL),
	('14024', 'Jawa Tengah', 'Kabupaten Sukoharjo', 'Sukoharjo', '2', 'KAB', NULL),
	('14025', 'Jawa Tengah', 'Kabupaten Tegal', 'Slawi', '2', 'KAB', NULL),
	('14026', 'Jawa Tengah', 'Kabupaten Temanggung', 'Temanggung', '2', 'KAB', NULL),
	('14027', 'Jawa Tengah', 'Kabupaten Wonogiri', 'Wonogiri', '2', 'KAB', NULL),
	('14028', 'Jawa Tengah', 'Kabupaten Wonosobo', 'Wonosobo', '2', 'KAB', NULL),
	('14029', 'Jawa Tengah', 'Kabupaten Batang', 'Batang', '2', 'KAB', NULL),
	('14030', 'Jawa Tengah', 'Kota Surakarta', 'Surakarta', '2', 'KOT', NULL),
	('14031', 'Jawa Tengah', 'Kota Semarang', 'Semarang', '2', 'KOT', NULL),
	('14032', 'Jawa Tengah', 'Kota Pekalongan', 'Pekalongan', '2', 'KOT', NULL),
	('14033', 'Jawa Tengah', 'Kota Magelang', 'Magelang', '2', 'KOT', NULL),
	('14034', 'Jawa Tengah', 'Kota Salatiga', 'Salatiga', '2', 'KOT', NULL),
	('14035', 'Jawa Tengah', 'Kota Tegal', 'Tegal', '2', 'KOT', NULL),
	('15000', 'Yogyakarta', 'Provinsi Daerah Istimewa Yogyakarta', 'Yogyakarta', '1', 'PRV', NULL),
	('15001', 'DI Yogyakarta', 'Kabupaten Bantul', 'Bantul', '2', 'KAB', NULL),
	('15002', 'DI Yogyakarta', 'Kabupaten Gunung Kidul', 'Wonosari', '2', 'KAB', NULL),
	('15003', 'DI Yogyakarta', 'Kabupaten Sleman', 'Sleman', '2', 'KAB', NULL),
	('15004', 'DI Yogyakarta', 'Kabupaten Kulon Progo', 'Sentolo', '2', 'KAB', NULL),
	('15005', 'DI Yogyakarta', 'Kota Yogyakarta', 'Yogyakarta', '2', 'KOT', NULL),
	('16000', 'Jawa Timur', 'Provinsi Jawa Timur', 'Surabaya', '1', 'PRV', NULL),
	('16001', 'Jawa Timur', 'Kabupaten Bangkalan', 'Bangkalan', '2', 'KAB', NULL),
	('16002', 'Jawa Timur', 'Kabupaten Banyuwangi', 'Banyuwangi', '2', 'KAB', NULL),
	('16003', 'Jawa Timur', 'Kabupaten Blitar', 'Kanigoro', '2', 'KAB', NULL),
	('16004', 'Jawa Timur', 'Kabupaten Bojonegoro', 'Bojonegoro', '2', 'KAB', NULL),
	('16005', 'Jawa Timur', 'Kabupaten Bondowoso', 'Bondowoso', '2', 'KAB', NULL),
	('16006', 'Jawa Timur', 'Kabupaten Gresik', 'Gresik', '2', 'KAB', NULL),
	('16007', 'Jawa Timur', 'Kabupaten Jember', 'Jember', '2', 'KAB', NULL),
	('16008', 'Jawa Timur', 'Kabupaten Jombang', 'Jombang', '2', 'KAB', NULL),
	('16009', 'Jawa Timur', 'Kabupaten Kediri', 'Kediri', '2', 'KAB', NULL),
	('16010', 'Jawa Timur', 'Kabupaten Lamongan', 'Lamongan', '2', 'KAB', NULL),
	('16011', 'Jawa Timur', 'Kabupaten Lumajang', 'Lumajang', '2', 'KAB', NULL),
	('16012', 'Jawa Timur', 'Kabupaten Madiun', 'Caruban', '2', 'KAB', NULL),
	('16013', 'Jawa Timur', 'Kabupaten Magetan', 'Magetan', '2', 'KAB', NULL),
	('16014', 'Jawa Timur', 'Kabupaten Malang', 'Kepanjen', '2', 'KAB', NULL),
	('16015', 'Jawa Timur', 'Kabupaten Mojokerto', 'Mojokerto', '2', 'KAB', NULL),
	('16016', 'Jawa Timur', 'Kabupaten Nganjuk', 'Nganjuk', '2', 'KAB', NULL),
	('16017', 'Jawa Timur', 'Kabupaten Ngawi', 'Ngawi', '2', 'KAB', NULL),
	('16018', 'Jawa Timur', 'Kabupaten Pacitan', 'Pacitan', '2', 'KAB', NULL),
	('16019', 'Jawa Timur', 'Kabupaten Pamekasan', 'Pemekasan', '2', 'KAB', NULL),
	('16020', 'Jawa Timur', 'Kabupaten Pasuruan', 'Pasuruan', '2', 'KAB', NULL),
	('16021', 'Jawa Timur', 'Kabupaten Ponorogo', 'Ponorogo', '2', 'KAB', NULL),
	('16022', 'Jawa Timur', 'Kabupaten Probolinggo', 'Kraksaan', '2', 'KAB', NULL),
	('16023', 'Jawa Timur', 'Kabupaten Sampang', 'Sampang', '2', 'KAB', NULL),
	('16024', 'Jawa Timur', 'Kabupaten Sidoarjo', 'Sidoarjo', '2', 'KAB', NULL),
	('16025', 'Jawa Timur', 'Kabupaten Situbondo', 'Situbondo', '2', 'KAB', NULL),
	('16026', 'Jawa Timur', 'Kabupaten Sumenep', 'Sumenep', '2', 'KAB', NULL),
	('16027', 'Jawa Timur', 'Kabupaten Trenggalek', 'Trenggalek', '2', 'KAB', NULL),
	('16028', 'Jawa Timur', 'Kabupaten Tuban', 'Tuban', '2', 'KAB', NULL),
	('16029', 'Jawa Timur', 'Kabupaten Tulungagung', 'Tulungagung', '2', 'KAB', NULL),
	('16030', 'Jawa Timur', 'Kota Kediri', 'Kediri', '2', 'KOT', NULL),
	('16031', 'Jawa Timur', 'Kota Madiun', 'Madiun', '2', 'KOT', NULL),
	('16032', 'Jawa Timur', 'Kota Malang', 'Malang', '2', 'KOT', NULL),
	('16033', 'Jawa Timur', 'Kota Surabaya', 'Surabaya', '2', 'KOT', NULL),
	('16034', 'Jawa Timur', 'Kota Mojokerto', 'Mojokerto', '2', 'KOT', NULL),
	('16035', 'Jawa Timur', 'Kota Pasuruan', 'Pasuruan', '2', 'KOT', NULL),
	('16036', 'Jawa Timur', 'Kota Probolinggo', 'Probolinggo', '2', 'KOT', NULL),
	('16037', 'Jawa Timur', 'Kota Blitar', 'Blitar', '2', 'KOT', NULL),
	('16038', 'Jawa Timur', 'Kota Batu', 'Batu', '2', 'KOT', NULL),
	('17000', 'Bali', 'Provinsi Bali', 'Denpasar', '1', 'PRV', NULL),
	('17001', 'Bali', 'Kabupaten Badung', 'Mengwi', '2', 'KAB', NULL),
	('17002', 'Bali', 'Kabupaten Bangli', 'Bangli', '2', 'KAB', NULL),
	('17003', 'Bali', 'Kabupaten Buleleng', 'Singaraja', '2', 'KAB', NULL),
	('17004', 'Bali', 'Kabupaten Gianyar', 'Gianyar', '2', 'KAB', NULL),
	('17005', 'Bali', 'Kabupaten Jembrana', 'Negara', '2', 'KAB', NULL),
	('17006', 'Bali', 'Kabupaten Karangasem', 'Amlapura', '2', 'KAB', NULL),
	('17007', 'Bali', 'Kabupaten Klungkung', 'Klungkung', '2', 'KAB', NULL),
	('17008', 'Bali', 'Kabupaten Tabanan', 'Tabanan', '2', 'KAB', NULL),
	('17009', 'Bali', 'Kota Denpasar', 'Denpasar', '2', 'KOT', NULL),
	('18000', 'Nusa Tenggara Barat', 'Provinsi Nusa Tenggara Barat', 'Mataram', '1', 'PRV', NULL),
	('18001', 'Nusa Tenggara Barat', 'Kabupaten Bima', 'Woha', '2', 'KAB', NULL),
	('18002', 'Nusa Tenggara Barat', 'Kabupaten Dompu', 'Dompu', '2', 'KAB', NULL),
	('18003', 'Nusa Tenggara Barat', 'Kabupaten Lombok Barat', 'Gerung', '2', 'KAB', NULL),
	('18004', 'Nusa Tenggara Barat', 'Kabupaten Lombok Tengah', 'Praya', '2', 'KAB', NULL),
	('18005', 'Nusa Tenggara Barat', 'Kabupaten Lombok Timur', 'Selong', '2', 'KAB', NULL),
	('18006', 'Nusa Tenggara Barat', 'Kabupaten Sumbawa', 'Sumbawa Besar', '2', 'KAB', NULL),
	('18007', 'Nusa Tenggara Barat', 'Kabupaten Sumbawa Barat', 'Taliwang', '2', 'KAB', NULL),
	('18008', 'Nusa Tenggara Barat', 'Kabupaten Lombok Utara', 'Tanjung', '2', 'KAB', NULL),
	('18009', 'Nusa Tenggara Barat', 'Kota Mataram', 'Mataram', '2', 'KOT', NULL),
	('18010', 'Nusa Tenggara Barat', 'Kota Bima', 'Bima', '2', 'KOT', NULL),
	('19000', 'Nusa Tenggara Timur', 'Provinsi Nusa Tenggara Timur', 'Kupang', '1', 'PRV', NULL),
	('19001', 'Nusa Tenggara Timur', 'Kabupaten Alor', 'Kalabahi', '2', 'KAB', NULL),
	('19002', 'Nusa Tenggara Timur', 'Kabupaten Belu', 'Atambua', '2', 'KAB', NULL),
	('19003', 'Nusa Tenggara Timur', 'Kabupaten Ende', 'Ende', '2', 'KAB', NULL),
	('19004', 'Nusa Tenggara Timur', 'Kabupaten Flores Timur', 'Larantuka', '2', 'KAB', NULL),
	('19005', 'Nusa Tenggara Timur', 'Kabupaten Kupang', 'Oelamasi', '2', 'KAB', NULL),
	('19006', 'Nusa Tenggara Timur', 'Kabupaten Manggarai', 'Ruteng', '2', 'KAB', NULL),
	('19007', 'Nusa Tenggara Timur', 'Kabupaten Ngada', 'Bajawa', '2', 'KAB', NULL),
	('19008', 'Nusa Tenggara Timur', 'Kabupaten Sikka', 'Maumere', '2', 'KAB', NULL),
	('19009', 'Nusa Tenggara Timur', 'Kabupaten Sumba Barat', 'Waikabubak', '2', 'KAB', NULL),
	('19010', 'Nusa Tenggara Timur', 'Kabupaten Sumba Timur', 'Waingapu', '2', 'KAB', NULL),
	('19011', 'Nusa Tenggara Timur', 'Kabupaten Timor Tengah Selatan', 'So\'e', '2', 'KAB', NULL),
	('19012', 'Nusa Tenggara Timur', 'Kabupaten Timor Tengah Utara', 'Kafemanu', '2', 'KAB', NULL),
	('19013', 'Nusa Tenggara Timur', 'Kabupaten Lembata', 'Lewoleba', '2', 'KAB', NULL),
	('19014', 'Nusa Tenggara Timur', 'Kabupaten Rote Ndao', 'Ba\'a', '2', 'KAB', NULL),
	('19015', 'Nusa Tenggara Timur', 'Kabupaten Manggarai Barat', 'Labuan Bajo', '2', 'KAB', NULL),
	('19016', 'Nusa Tenggara Timur', 'Kabupaten Manggarai Timur', 'Borong', '2', 'KAB', NULL),
	('19017', 'Nusa Tenggara Timur', 'Kabupaten Nagekeo', 'Mbay', '2', 'KAB', NULL),
	('19018', 'Nusa Tenggara Timur', 'Kabupaten Sumba Barat Daya', 'Tambolaka', '2', 'KAB', NULL),
	('19019', 'Nusa Tenggara Timur', 'Kabupaten Sumba Tengah', 'Waibakul', '2', 'KAB', NULL),
	('19020', 'Nusa Tenggara Timur', 'Kabupaten Sabu Raijua', 'Mania', '2', 'KAB', NULL),
	('19021', 'Nusa Tenggara Timur', 'Kabupaten Malaka', 'Betun', '2', 'KAB', NULL),
	('19022', 'Nusa Tenggara Timur', 'Kota Kupang', 'Kupang', '2', 'KOT', NULL),
	('20000', 'Kalimantan Barat', 'Provinsi Kalimantan Barat', 'Pontianak', '1', 'PRV', NULL),
	('20001', 'Kalimantan Barat', 'Kabupaten Kapuas Hulu', 'Putusibau', '2', 'KAB', NULL),
	('20002', 'Kalimantan Barat', 'Kabupaten Ketapang', 'Ketapang', '2', 'KAB', NULL),
	('20003', 'Kalimantan Barat', 'Kabupaten Pontianak', 'Mempawah', '2', 'KAB', NULL),
	('20004', 'Kalimantan Barat', 'Kabupaten Sambas', 'Singkawang', '2', 'KAB', NULL),
	('20005', 'Kalimantan Barat', 'Kabupaten Sanggau', 'Sanggau', '2', 'KAB', NULL),
	('20006', 'Kalimantan Barat', 'Kabupaten Sintang', 'Sintang', '2', 'KAB', NULL),
	('20007', 'Kalimantan Barat', 'Kabupaten Bengkayang', 'Bengkayang', '2', 'KAB', NULL),
	('20008', 'Kalimantan Barat', 'Kabupaten Landak', 'Ngabang', '2', 'KAB', NULL),
	('20009', 'Kalimantan Barat', 'Kabupaten Melawi', 'Nanga Pinoh', '2', 'KAB', NULL),
	('20010', 'Kalimantan Barat', 'Kabupaten Sekadau', 'Sekadau', '2', 'KAB', NULL),
	('20011', 'Kalimantan Barat', 'Kabupaten Kayong Utara', 'Sukadana', '2', 'KAB', NULL),
	('20012', 'Kalimantan Barat', 'Kabupaten Kubu Raya', 'Sungai Raya', '2', 'KAB', NULL),
	('20013', 'Kalimantan Barat', 'Kota Pontianak', 'Pontianak', '2', 'KOT', NULL),
	('20014', 'Kalimantan Barat', 'Kota Singkawang', 'Singkawang', '2', 'KOT', NULL),
	('21000', 'Kalimantan Tengah', 'Provinsi Kalimantan Tengah', 'Palangkaraya', '1', 'PRV', NULL),
	('21001', 'Kalimantan Tengah', 'Kabupaten Barito Selatan', 'Buntok', '2', 'KAB', NULL),
	('21002', 'Kalimantan Tengah', 'Kabupaten Barito Utara', 'MuaraTeweh', '2', 'KAB', NULL),
	('21003', 'Kalimantan Tengah', 'Kabupaten Kapuas', 'Kuala Kapuas', '2', 'KAB', NULL),
	('21004', 'Kalimantan Tengah', 'Kabupaten Kotawaringin Barat', 'Pangkalan Bun', '2', 'KAB', NULL),
	('21005', 'Kalimantan Tengah', 'Kabupaten Kotawaringin Timur', 'Sampit', '2', 'KAB', NULL),
	('21006', 'Kalimantan Tengah', 'Kabupaten Barito Timur', 'Tamiang Layang', '2', 'KAB', NULL),
	('21007', 'Kalimantan Tengah', 'Kabupaten Gunung Mas', 'Kuala Kurun', '2', 'KAB', NULL),
	('21008', 'Kalimantan Tengah', 'Kabupaten Katingan', 'Kasongan', '2', 'KAB', NULL),
	('21009', 'Kalimantan Tengah', 'Kabupaten Lamandau', 'Nanga Bulik', '2', 'KAB', NULL),
	('21010', 'Kalimantan Tengah', 'Kabupaten Murung Raya', 'Puruk Cahu', '2', 'KAB', NULL),
	('21011', 'Kalimantan Tengah', 'Kabupaten Pulang Pisau', 'Pulang Pisau', '2', 'KAB', NULL),
	('21012', 'Kalimantan Tengah', 'Kabupaten Sukamara', 'Sukamara', '2', 'KAB', NULL),
	('21013', 'Kalimantan Tengah', 'Kabupaten Seruyan', 'Kuala Pembuang', '2', 'KAB', NULL),
	('21014', 'Kalimantan Tengah', 'Kota Palangkaraya', 'Palangkaraya', '2', 'KOT', NULL),
	('22000', 'Kalimantan Selatan', 'Provinsi Kalimantan Selatan', 'Banjarmasin', '1', 'PRV', NULL),
	('22001', 'Kalimantan Selatan', 'Kabupaten Banjar Baru', 'Martapura', '2', 'KAB', NULL),
	('22002', 'Kalimantan Selatan', 'Kabupaten Barito Kuala', 'Marabahan', '2', 'KAB', NULL),
	('22003', 'Kalimantan Selatan', 'Kabupaten Hulu Sungai Selatan', 'Kandangan', '2', 'KAB', NULL),
	('22004', 'Kalimantan Selatan', 'Kabupaten Hulu Sungai Tengah', 'Barabai', '2', 'KAB', NULL),
	('22005', 'Kalimantan Selatan', 'Kabupaten Hulu Sungai Utara', 'Amuntai', '2', 'KAB', NULL),
	('22006', 'Kalimantan Selatan', 'Kabupaten Kotabaru', 'Kotabaru', '2', 'KAB', NULL),
	('22007', 'Kalimantan Selatan', 'Kabupaten Tanah Laut', 'Pleihari', '2', 'KAB', NULL),
	('22008', 'Kalimantan Selatan', 'Kabupaten Tabalong', 'Tanjung', '2', 'KAB', NULL),
	('22009', 'Kalimantan Selatan', 'Kabupaten Tapin', 'Rantau', '2', 'KAB', NULL),
	('22010', 'Kalimantan Selatan', 'Kabupaten Tanah Bumbu', 'Batulicin', '2', 'KAB', NULL),
	('22011', 'Kalimantan Selatan', 'Kabupaten Balangan', 'Paringin', '2', 'KAB', NULL),
	('22012', 'Kalimantan Selatan', 'Kota Banjarmasin', 'Banjarmasin', '2', 'KOT', NULL),
	('22013', 'Kalimantan Selatan', 'Kota Banjarbaru', 'Banjarbaru', '2', 'KOT', NULL),
	('23000', 'Kalimantan Timur', 'Provinsi Kalimantan Timur', 'Samarinda', '1', 'PRV', NULL),
	('23001', 'Kalimantan Timur', 'Kabupaten Berau', 'Tanjung Redep', '2', 'KAB', NULL),
	('23002', 'Kalimantan Timur', 'abupaten Kutai Kartanegara', 'Tenggarong', '2', 'KOT', NULL),
	('23003', 'Kalimantan Timur', 'Kabupaten Paser', 'Tana Paser', '2', 'KAB', NULL),
	('23004', 'Kalimantan Timur', 'Kabupaten Kutai Barat', 'Sendawar', '2', 'KAB', NULL),
	('23005', 'Kalimantan Timur', 'Kabupaten Kutai Timur', 'Sanggata', '2', 'KAB', NULL),
	('23006', 'Kalimantan Timur', 'Kabupaten Penajam Paser Utara', 'Penajam', '2', 'KAB', NULL),
	('23007', 'Kalimantan Timur', 'abupaten Mahakam Ulu', 'Long Bagun', '2', 'KOT', NULL),
	('23008', 'Kalimantan Timur', 'Kota Balikpapan', 'Balikpapan', '2', 'KOT', NULL),
	('23009', 'Kalimantan Timur', 'Kota Samarinda', 'Samarinda', '2', 'KOT', NULL),
	('23010', 'Kalimantan Timur', 'Kota Bontang', 'Bontang', '2', 'KOT', NULL),
	('24000', 'Kalimantan Utara', 'Provinsi Kalimantan Utara', 'Tanjung Selor', '1', 'PRV', NULL),
	('24001', 'Kalimantan Utara', 'Kabupaten Bulungan', 'Tanjung Selor', '2', 'KAB', NULL),
	('24002', 'Kalimantan Utara', 'Kabupaten Malinau', 'Malinau', '2', 'KAB', NULL),
	('24003', 'Kalimantan Utara', 'Kabupaten Nunukan', 'Nunukan', '2', 'KAB', NULL),
	('24004', 'Kalimantan Utara', 'Kabupaten Tana Tidung', 'Tideng Pale', '2', 'KAB', NULL),
	('24005', 'Kalimantan Utara', 'Kota Tarakan', 'Tarakan', '2', 'KOT', NULL),
	('25000', 'Sulawesi Utara', 'Provinsi Sulawesi Utara', 'Manado', '1', 'PRV', NULL),
	('25001', 'Sulawesi Utara', 'Kabupaten Bolaang Mongondow', 'Lolak', '2', 'KAB', NULL),
	('25002', 'Sulawesi Utara', 'Kabupaten Kepulauan Sangihe', 'Tahuna', '2', 'KAB', NULL),
	('25003', 'Sulawesi Utara', 'Kabupaten Minahasa', 'Tondano', '2', 'KAB', NULL),
	('25004', 'Sulawesi Utara', 'Kabupaten Kepulauan Talaud', 'Melonguane', '2', 'KAB', NULL),
	('25005', 'Sulawesi Utara', 'Kabupaten Minahasa Selatan', 'Amurang', '2', 'KAB', NULL),
	('25006', 'Sulawesi Utara', 'Kabupaten Minahasa Utara', 'Airmadidi', '2', 'KAB', NULL),
	('25007', 'Sulawesi Utara', 'Kabupaten Minahasa Tenggara', 'Ratahan', '2', 'KAB', NULL),
	('25008', 'Sulawesi Utara', 'Kabupaten Kepulauan Siau Tagulandang Biaro', 'Ondong Siau', '2', 'KAB', NULL),
	('25009', 'Sulawesi Utara', 'Kabupaten Bolaang Mongondow Utara', 'Boroko', '2', 'KAB', NULL),
	('25010', 'Sulawesi Utara', 'Kabupaten Bolaang MongondowTimur', 'Tutuyan', '2', 'KAB', NULL),
	('25011', 'Sulawesi Utara', 'Kabupaten Bolaang Mongondow Selatan', 'BolangUki', '2', 'KAB', NULL),
	('25012', 'Sulawesi Utara', 'Kota Manado', 'Manado', '2', 'KOT', NULL),
	('25013', 'Sulawesi Utara', 'Kota Bitung', 'Bitung', '2', 'KOT', NULL),
	('25014', 'Sulawesi Utara', 'Kota Tomohon', 'Tomohon', '2', 'KOT', NULL),
	('25015', 'Sulawesi Utara', 'Kota Kotamobagu', 'Kotamobagu', '2', 'KOT', NULL),
	('26000', 'Gorontalo', 'Provinsi Gorontalo', 'Gorontalo', '1', 'PRV', NULL),
	('26001', 'Gorontalo', 'Kabupaten Gorontalo', 'Limboto', '2', 'KAB', NULL),
	('26002', 'Gorontalo', 'Kabupaten Boalemo', 'Tilamuta', '2', 'KAB', NULL),
	('26003', 'Gorontalo', 'Kabupaten Bone Bolango', 'Suwawa', '2', 'KAB', NULL),
	('26004', 'Gorontalo', 'Kabupaten Pohuwato', 'Marisa', '2', 'KAB', NULL),
	('26005', 'Gorontalo', 'Kabupaten Gorontalo Utara', 'Kwandang', '2', 'KAB', NULL),
	('26006', 'Gorontalo', 'Kota Gorontalo', 'Gorontalo', '2', 'KOT', NULL),
	('27000', 'Sulawesi Tengah', 'Provinsi Sulawesi Tengah', 'Palu', '1', 'PRV', NULL),
	('27001', 'Sulawesi Tengah', 'Kabupaten Banggai', 'Luwuk', '2', 'KAB', NULL),
	('27002', 'Sulawesi Tengah', 'Kabupaten Donggala', 'Benawa', '2', 'KAB', NULL),
	('27003', 'Sulawesi Tengah', 'Kabupaten Poso', 'Poso', '2', 'KAB', NULL),
	('27004', 'Sulawesi Tengah', 'Kabupaten Toli-Toli', 'Toil-Toli', '2', 'KAB', NULL),
	('27005', 'Sulawesi Tengah', 'Kabupaten Banggai Kepulauan', 'Salakan', '2', 'KAB', NULL),
	('27006', 'Sulawesi Tengah', 'Kabupaten Buol', 'Buol', '2', 'KAB', NULL),
	('27007', 'Sulawesi Tengah', 'Kabupaten Morowali', 'Bungku', '2', 'KAB', NULL),
	('27008', 'Sulawesi Tengah', 'Kabupaten Parigi Moutong', 'Parigi', '2', 'KAB', NULL),
	('27009', 'Sulawesi Tengah', 'Kabupaten Tojo Una-Una', 'Ampana', '2', 'KAB', NULL),
	('27010', 'Sulawesi Tengah', 'Kabupaten Sigi', 'SigiBiromaru', '2', 'KAB', NULL),
	('27011', 'Sulawesi Tengah', 'Kabupaten Banggai Laut', 'Banggai', '2', 'KAB', NULL),
	('27012', 'Sulawesi Tengah', 'Kabupaten Morowali Utara', 'Kolonodale', '2', 'KAB', NULL),
	('27013', 'Sulawesi Tengah', 'Kota Palu', 'Palu', '2', 'KOT', NULL),
	('28000', 'Sulawesi barat', 'Provinsi Sulawesi Barat', 'Mamuju', '1', 'PRV', NULL),
	('28001', 'Sulawesi Barat', 'Kabupaten Majene', 'Majene', '2', 'KAB', NULL),
	('28002', 'Sulawesi Barat', 'Kabupaten Mamuju', 'Mamuju', '2', 'KAB', NULL),
	('28003', 'Sulawesi Barat', 'Kabupaten Polewali Mandar', 'Polewali', '2', 'KAB', NULL),
	('28004', 'Sulawesi Barat', 'Kabupaten Mamasa', 'Mamasa', '2', 'KAB', NULL),
	('28005', 'Sulawesi Barat', 'Kabupaten Mamuju Utara', 'Pasangkayu', '2', 'KAB', NULL),
	('28006', 'Sulawesi Barat', 'Kabupaten Mamuju Tengah', 'Tobadak', '2', 'KAB', NULL),
	('29000', 'Sulawesi Selatan', 'Provinsi Sulawesi Selatan', 'Makassar', '1', 'PRV', NULL),
	('29001', 'Sulawesi Selatan', 'Kabupaten Bantaeng', 'Bantaeng', '2', 'KAB', NULL),
	('29002', 'Sulawesi Selatan', 'Kabupaten Barru', 'Barru', '2', 'KAB', NULL),
	('29003', 'Sulawesi Selatan', 'Kabupaten Bone', 'Watampone', '2', 'KAB', NULL),
	('29004', 'Sulawesi Selatan', 'Kabupaten Bulukumba', 'Bulukumba', '2', 'KAB', NULL),
	('29005', 'Sulawesi Selatan', 'Kabupaten Enrekang', 'Enrekang', '2', 'KAB', NULL),
	('29006', 'Sulawesi Selatan', 'Kabupaten Gowa', 'Sunggomimasa', '2', 'KAB', NULL),
	('29007', 'Sulawesi Selatan', 'Kabupaten Jeneponto', 'Jeneponto', '2', 'KAB', NULL),
	('29008', 'Sulawesi Selatan', 'Kabupaten Luwu', 'Belopa', '2', 'KAB', NULL),
	('29009', 'Sulawesi Selatan', 'Kabupaten Maros', 'Maros', '2', 'KAB', NULL),
	('29010', 'Sulawesi Selatan', 'Kabupaten Pangkajene Kepulauan', 'Pangkajene', '2', 'KAB', NULL),
	('29011', 'Sulawesi Selatan', 'Kabupaten Pinrang', 'Pinrang', '2', 'KAB', NULL),
	('29012', 'Sulawesi Selatan', 'Kabupaten KepulauanSelayar', 'Benteng', '2', 'KAB', NULL),
	('29013', 'Sulawesi Selatan', 'Kabupaten Sinjai', 'Sinjai', '2', 'KAB', NULL),
	('29014', 'Sulawesi Selatan', 'Kabupaten Sidenreng Rappang', 'Pangkajene', '2', 'KAB', NULL),
	('29015', 'Sulawesi Selatan', 'Kabupaten Soppeng', 'Watansoppeng', '2', 'KAB', NULL),
	('29016', 'Sulawesi Selatan', 'Kabupaten Takalar', 'Takalar', '2', 'KAB', NULL),
	('29017', 'Sulawesi Selatan', 'Kabupaten Tana Toraja', 'Makale', '2', 'KAB', NULL),
	('29018', 'Sulawesi Selatan', 'Kabupaten Wajo', 'Sengkang', '2', 'KAB', NULL),
	('29019', 'Sulawesi Selatan', 'Kabupaten Luwu Utara', 'Masamba', '2', 'KAB', NULL),
	('29020', 'Sulawesi Selatan', 'Kabupaten Luwu Timur', 'Malili', '2', 'KAB', NULL),
	('29021', 'Sulawesi Selatan', 'Kabupaten Toraja Utara', 'Rantepao', '2', 'KAB', NULL),
	('29022', 'Sulawesi Selatan', 'Kota Makassar', 'Makassar', '2', 'KOT', NULL),
	('29023', 'Sulawesi Selatan', 'Kota Pare-Pare', 'Pare-Pare', '2', 'KOT', NULL),
	('30000', 'Sulawesi Tenggara', 'Provinsi Sulawesi Tenggara', 'Kendari', '1', 'PRV', NULL),
	('30001', 'Sulawesi Tenggara', 'Kabupaten Bombana', 'Rumbia', '2', 'KAB', NULL),
	('30002', 'Sulawesi Tenggara', 'Kabupaten Buton', 'PasarWajo', '2', 'KAB', NULL),
	('30003', 'Sulawesi Tenggara', 'Kabupaten Kolaka', 'Kolaka', '2', 'KAB', NULL),
	('30004', 'Sulawesi Tenggara', 'Kabupaten Konawe', 'Una Aha', '2', 'KAB', NULL),
	('30005', 'Sulawesi Tenggara', 'Kabupaten Muna', 'Raha', '2', 'KAB', NULL),
	('30006', 'Sulawesi Tenggara', 'Kabupaten Wakatobi', 'Wangi-Wangi', '2', 'KAB', NULL),
	('30007', 'Sulawesi Tenggara', 'Kabupaten Kolaka Utara', 'Lasusua', '2', 'KAB', NULL),
	('30008', 'Sulawesi Tenggara', 'Kabupaten Konawe Selatan', 'Andolo', '2', 'KAB', NULL),
	('30009', 'Sulawesi Tenggara', 'Kabupaten Konawe Utara', 'Wanggudu', '2', 'KAB', NULL),
	('30010', 'Sulawesi Tenggara', 'Kabupaten Buton Utara', 'Buranga', '2', 'KAB', NULL),
	('30011', 'Sulawesi Tenggara', 'Kabupaten Kolaka Timur', 'Tirawuta', '2', 'KAB', NULL),
	('30012', 'Sulawesi Tenggara', 'Kabupaten Konawe Kepulauan', 'Langara', '2', 'KAB', NULL),
	('30013', 'Sulawesi Tenggara', 'Kota Kendari', 'Kendari', '2', 'KOT', NULL),
	('30014', 'Sulawesi Tenggara', 'Kota Bau-Bau', 'Bau-Bau', '2', 'KOT', NULL),
	('31000', 'Maluku', 'Provinsi Maluku', 'Ambon', '1', 'PRV', NULL),
	('31001', 'Maluku', 'Kabupaten Maluku Tengah', 'Masohi', '2', 'KAB', NULL),
	('31002', 'Maluku', 'Kabupaten Maluku Tenggara', 'Langgur', '2', 'KAB', NULL),
	('31003', 'Maluku', 'Kabupaten Buru', 'Namlea', '2', 'KAB', NULL),
	('31004', 'Maluku', 'Kabupaten Maluku Tenggara Barat', 'Saumlaki', '2', 'KAB', NULL),
	('31005', 'Maluku', 'Kabupaten Seram Bagian Barat', 'Dataran Honipopu', '2', 'KAB', NULL),
	('31006', 'Maluku', 'Kabupaten Seram Bagian Timur', 'Dataran Hunimoa', '2', 'KAB', NULL),
	('31007', 'Maluku', 'Kabupaten Kepulauan Aru', 'Dobo', '2', 'KAB', NULL),
	('31008', 'Maluku', 'Kabupaten Maluku Barat Daya', 'Moa', '2', 'KAB', NULL),
	('31009', 'Maluku', 'Kabupaten Buru Selatan', 'Namrole', '2', 'KAB', NULL),
	('31010', 'Maluku', 'Kota Ambon', 'Ambon', '2', 'KOT', NULL),
	('31011', 'Maluku', 'Kota Tual', 'Tual', '2', 'KOT', NULL),
	('32000', 'Maluku Utara', 'Provinsi Maluku Utara', 'Sofifi', '1', 'PRV', NULL),
	('32001', 'Maluku Utara', 'Kabupaten Halmahera Barat', 'Jailolo', '2', 'KAB', NULL),
	('32002', 'Maluku Utara', 'Kabupaten Halmahera Tengah', 'Soasiu', '2', 'KAB', NULL),
	('32003', 'Maluku Utara', 'Kabupaten Halmahera Selatan', 'Labuha', '2', 'KAB', NULL),
	('32004', 'Maluku Utara', 'Kabupaten Halmahera Timur', 'Maba', '2', 'KAB', NULL),
	('32005', 'Maluku Utara', 'Kabupaten Halmahera Utara', 'Tobelo', '2', 'KAB', NULL),
	('32006', 'Maluku Utara', 'Kabupaten Kepulauan Sula', 'Sanana', '2', 'KAB', NULL),
	('32007', 'Maluku Utara', 'Kabupaten Pulau Morotai', 'Daruba', '2', 'KAB', NULL),
	('32008', 'Maluku Utara', 'Kabupaten Pulau Taliabu', 'Bobong', '2', 'KAB', NULL),
	('32009', 'Maluku Utara', 'Kota Ternate', 'Ternate', '2', 'KOT', NULL),
	('32010', 'Maluku Utara', 'Kota Tidore', 'Tidore', '2', 'KOT', NULL),
	('33000', 'Papua Barat', 'Provinsi Papua Barat', 'Manokwari', '1', 'PRV', NULL),
	('33001', 'Papua Barat', 'Kabupaten Fak-Fak', 'Fak-Fak', '2', 'KAB', NULL),
	('33002', 'Papua Barat', 'Kabupaten Manokwari', 'Manokwari', '2', 'KAB', NULL),
	('33003', 'Papua Barat', 'Kabupaten Sorong', 'Sorong', '2', 'KAB', NULL),
	('33004', 'Papua Barat', 'Kabupaten Teluk Wondama', 'Rasiei', '2', 'KAB', NULL),
	('33005', 'Papua Barat', 'Kabupaten Kaimana', 'Kaimana', '2', 'KAB', NULL),
	('33006', 'Papua Barat', 'Kabupaten Raja Ampat', 'Waisai', '2', 'KAB', NULL),
	('33007', 'Papua Barat', 'Kabupaten Sorong Selatan', 'Teminabuan', '2', 'KAB', NULL),
	('33008', 'Papua Barat', 'Kabupaten Teluk Bintuni', 'Bintuni', '2', 'KAB', NULL),
	('33009', 'Papua Barat', 'Kabupaten Tambrauw', 'Fef', '2', 'KAB', NULL),
	('33010', 'Papua Barat', 'Kabupaten Maybrat', 'Kumurkek', '2', 'KAB', NULL),
	('33011', 'Papua Barat', 'Kabupaten Manokwari Selatan', 'Ransiki', '2', 'KAB', NULL),
	('33012', 'Papua Barat', 'Kabupaten Pegunungan Arfak', 'Anggi', '2', 'KAB', NULL),
	('33013', 'Papua Barat', 'Kota Sorong', 'Sorong', '2', 'KOT', NULL),
	('34000', 'Papua', 'Provinsi Papua', 'Jayapura', '1', 'PRV', NULL),
	('34001', 'Papua', 'Kabupaten Biak Numfor', 'Biak', '2', 'KAB', NULL),
	('34002', 'Papua', 'Kabupaten Jayapura', 'Sentani', '2', 'KAB', NULL),
	('34003', 'Papua', 'Kabupaten Jayawijaya', 'Wamena', '2', 'KAB', NULL),
	('34004', 'Papua', 'Kabupaten Merauke', 'Merauke', '2', 'KAB', NULL),
	('34005', 'Papua', 'Kabupaten Nabire', 'Nabire', '2', 'KAB', NULL),
	('34006', 'Papua', 'Kabupaten KepulauanYapen', 'Serui', '2', 'KAB', NULL),
	('34007', 'Papua', 'Kabupaten Mimika', 'Timika', '2', 'KAB', NULL),
	('34008', 'Papua', 'Kabupaten Paniai', 'Mulia', '2', 'KAB', NULL),
	('34009', 'Papua', 'Kabupaten Puncak Jaya', 'Enarotali', '2', 'KAB', NULL),
	('34010', 'Papua', 'Kabupaten Asmat', 'Asmat', '2', 'KAB', NULL),
	('34011', 'Papua', 'Kabupaten Boven Digoel', 'Tanah Merah', '2', 'KAB', NULL),
	('34012', 'Papua', 'Kabupaten Keerom', 'Waris', '2', 'KAB', NULL),
	('34013', 'Papua', 'Kabupaten Sarmi', 'Sarmi', '2', 'KAB', NULL),
	('34014', 'Papua', 'Kabupaten Mappi', 'Kepi', '2', 'KAB', NULL),
	('34015', 'Papua', 'Kabupaten Pegunungan Bintang', 'Oksibili', '2', 'KAB', NULL),
	('34016', 'Papua', 'Kabupaten Tolikara', 'Karubaga', '2', 'KAB', NULL),
	('34017', 'Papua', 'Kabupaten Waropen', 'Botawa', '2', 'KAB', NULL),
	('34018', 'Papua', 'Kabupaten Yahukimo', 'Sumohai', '2', 'KAB', NULL),
	('34019', 'Papua', 'Kabupaten Supiori', 'Sorendiweri', '2', 'KAB', NULL),
	('34020', 'Papua', 'Kabupaten Mamberamo Raya', 'Barumo', '2', 'KAB', NULL),
	('34021', 'Papua', 'Kabupaten Mamberamo Tengah', 'Kobakma', '2', 'KAB', NULL),
	('34022', 'Papua', 'Kabupaten Yalimo', 'Elelim', '2', 'KAB', NULL),
	('34023', 'Papua', 'Kabupaten Lanny Jaya', 'Tiom', '2', 'KAB', NULL),
	('34024', 'Papua', 'Kabupaten Nduga', 'Kenyam', '2', 'KAB', NULL),
	('34025', 'Papua', 'Kabupaten Puncak', 'Iilaga', '2', 'KAB', NULL),
	('34026', 'Papua', 'Kabupaten Dogiyai', 'Kigamani', '2', 'KAB', NULL),
	('34027', 'Papua', 'Kabupaten Intan Jaya', 'Yokatapa', '2', 'KAB', NULL),
	('34028', 'Papua', 'Kabupaten Deiyai', 'Waghete', '2', 'KAB', NULL),
	('34029', 'Papua', 'Kota Jayapura', 'Jayapura', '2', 'KOT', NULL);

-- Dumping structure for table sifung.tbldischarge
CREATE TABLE IF NOT EXISTS `tbldischarge` (
  `kddischarge` char(1) DEFAULT NULL,
  `adadischarge` varchar(100) DEFAULT NULL
) ENGINE=InnoDB DEFAULT CHARSET=utf8mb4 COLLATE=utf8mb4_0900_ai_ci COMMENT='referensi data ada tidaknya kotoran / leleran';

-- Dumping data for table sifung.tbldischarge: ~2 rows (approximately)
INSERT INTO `tbldischarge` (`kddischarge`, `adadischarge`) VALUES
	('0', 'Tidak ada discharge'),
	('1', 'Ada discharge');

-- Dumping structure for table sifung.tbljnsangkut
CREATE TABLE IF NOT EXISTS `tbljnsangkut` (
  `kdangkut` char(1) DEFAULT NULL,
  `angkut` varchar(50) CHARACTER SET utf8mb4 COLLATE utf8mb4_0900_ai_ci DEFAULT NULL,
  KEY `kdangkut` (`kdangkut`)
) ENGINE=InnoDB DEFAULT CHARSET=utf8mb4 COLLATE=utf8mb4_0900_ai_ci COMMENT='tabel referensi pilihan alat angkut';

-- Dumping data for table sifung.tbljnsangkut: ~5 rows (approximately)
INSERT INTO `tbljnsangkut` (`kdangkut`, `angkut`) VALUES
	('1', 'Pesawat Udara'),
	('2', 'Kapal Laut'),
	('3', 'Kapal Ferry'),
	('4', 'Truk'),
	('5', 'Mobil');

-- Dumping structure for table sifung.tblkelamin
CREATE TABLE IF NOT EXISTS `tblkelamin` (
  `kdkelamin` char(50) DEFAULT NULL,
  `jnskelamin` text CHARACTER SET utf8mb4 COLLATE utf8mb4_0900_ai_ci
) ENGINE=InnoDB DEFAULT CHARSET=utf8mb4 COLLATE=utf8mb4_0900_ai_ci COMMENT='pilihan jenis kelamin hewan';

-- Dumping data for table sifung.tblkelamin: ~2 rows (approximately)
INSERT INTO `tblkelamin` (`kdkelamin`, `jnskelamin`) VALUES
	('1', 'Jantan'),
	('2', 'Betina'),
	('3', 'Jantan & Betina');

-- Dumping structure for table sifung.tblnafsu
CREATE TABLE IF NOT EXISTS `tblnafsu` (
  `kdnafsu` varchar(1) DEFAULT NULL,
  `nafsu` varchar(100) CHARACTER SET utf8mb4 COLLATE utf8mb4_0900_ai_ci DEFAULT NULL,
  KEY `kdnafsu` (`kdnafsu`)
) ENGINE=InnoDB DEFAULT CHARSET=utf8mb4 COLLATE=utf8mb4_0900_ai_ci COMMENT='tabel data pilihan terkait kondisi nafsu makan / minum hewan';

-- Dumping data for table sifung.tblnafsu: ~5 rows (approximately)
INSERT INTO `tblnafsu` (`kdnafsu`, `nafsu`) VALUES
	('a', 'normal'),
	('b', 'cukup'),
	('c', 'kurang'),
	('d', 'rendah'),
	('e', 'dehidrasi');

-- Dumping structure for table sifung.tblnegara
CREATE TABLE IF NOT EXISTS `tblnegara` (
  `kdneg` varchar(2) NOT NULL,
  `urneg` varchar(50) CHARACTER SET utf8mb4 COLLATE utf8mb4_0900_ai_ci NOT NULL,
  PRIMARY KEY (`kdneg`)
) ENGINE=InnoDB DEFAULT CHARSET=utf8mb4 COLLATE=utf8mb4_0900_ai_ci;

-- Dumping data for table sifung.tblnegara: ~246 rows (approximately)
INSERT INTO `tblnegara` (`kdneg`, `urneg`) VALUES
	('AD', 'Andorra'),
	('AE', 'United Arab Emirates'),
	('AF', 'Afghanistan'),
	('AG', 'Antigua and Barbuda'),
	('AI', 'Anguilla'),
	('AL', 'Albania'),
	('AM', 'Armenia'),
	('AN', 'Netherlands Antilles'),
	('AO', 'Angola'),
	('AQ', 'Antarctica'),
	('AR', 'Argentina'),
	('AS', 'American Samoa'),
	('AT', 'Austria'),
	('AU', 'Australia'),
	('AW', 'Aruba'),
	('AZ', 'Azerbaijan'),
	('BA', 'Bosnia-Herzegovina'),
	('BB', 'Barbados'),
	('BD', 'Bangladesh'),
	('BE', 'Belgium'),
	('BF', 'Burkina Faso'),
	('BG', 'Bulgaria'),
	('BH', 'Bahrain'),
	('BI', 'Burundi'),
	('BJ', 'Benin'),
	('BL', 'Belanda'),
	('BM', 'Bermuda'),
	('BN', 'Brunei Darussalam'),
	('BO', 'Bolivia'),
	('BR', 'Brazil'),
	('BS', 'Bahamas'),
	('BT', 'Bhutan'),
	('BV', 'Bouvet Island'),
	('BW', 'Botswana'),
	('BY', 'Belarus'),
	('BZ', 'Belize'),
	('CA', 'Canada'),
	('CC', 'Cocos (Keeling) Islands'),
	('CD', 'Congo (Democratic Republic)'),
	('CF', 'Central African Republic'),
	('CG', 'Congo'),
	('CH', 'Switzerland'),
	('CI', 'Ivory Coast (Cote D\'Ivoire)'),
	('CK', 'Cook Islands'),
	('CL', 'Chile'),
	('CM', 'Cameroon'),
	('CN', 'China'),
	('CO', 'Colombia'),
	('CR', 'Costa Rica'),
	('CU', 'Cuba'),
	('CV', 'Cape Verde'),
	('CX', 'Christmas Island'),
	('CY', 'Cyprus'),
	('CZ', 'Czech Republic'),
	('DE', 'Germany'),
	('DJ', 'Djibouti'),
	('DK', 'Denmark'),
	('DM', 'Dominica'),
	('DO', 'Dominican Republic'),
	('DZ', 'Algeria'),
	('EC', 'Ecuador'),
	('EE', 'Estonia'),
	('EG', 'Egypt'),
	('EH', 'Western Sahara'),
	('ER', 'Eritrea'),
	('ES', 'Spain'),
	('ET', 'Ethiopia'),
	('FI', 'Finland'),
	('FJ', 'Fiji'),
	('FK', 'Falkland Islands'),
	('FM', 'Micronesia'),
	('FO', 'Faroe Islands'),
	('FR', 'France'),
	('FX', 'France (European Territory)'),
	('GA', 'Gabon'),
	('GB', 'United Kingdom'),
	('GD', 'Grenada'),
	('GE', 'Georgia'),
	('GF', 'French Guiana'),
	('GH', 'Ghana'),
	('GI', 'Gibraltar'),
	('GL', 'Greenland'),
	('GM', 'Gambia'),
	('GN', 'Guinea'),
	('GP', 'Guadeloupe'),
	('GQ', 'Equatorial Guinea'),
	('GR', 'Greece'),
	('GS', 'St. Georgia and St. Sandwich Islands'),
	('GT', 'Guatemala'),
	('GU', 'Guam'),
	('GW', 'Guinea Bissau'),
	('GY', 'Guyana'),
	('HK', 'Hong Kong'),
	('HM', 'Heard and McDonald Islands'),
	('HN', 'Honduras'),
	('HR', 'Croatia'),
	('HT', 'Haiti'),
	('HU', 'Hungary'),
	('ID', 'Indonesia'),
	('IE', 'Ireland'),
	('IG', 'Inggris'),
	('IL', 'Israel'),
	('IN', 'India'),
	('IO', 'British Indian Ocean Territory'),
	('IQ', 'Iraq'),
	('IR', 'Iran'),
	('IS', 'Iceland'),
	('IT', 'Italy'),
	('JM', 'Jamaica'),
	('JO', 'Jordan'),
	('JP', 'Japan'),
	('JR', 'Jerman'),
	('KE', 'Kenya'),
	('KG', 'Kyrgyzstan'),
	('KH', 'Cambodia'),
	('KI', 'Kiribati'),
	('KM', 'Comoros'),
	('KN', 'Saint Kitts and Nevis Anguilla'),
	('KP', 'North Korea'),
	('KR', 'South Korea'),
	('KW', 'Kuwait'),
	('KY', 'Cayman Islands'),
	('KZ', 'Kazakhstan'),
	('LA', 'Laos'),
	('LB', 'Lebanon'),
	('LC', 'Saint Lucia'),
	('LI', 'Liechtenstein'),
	('LK', 'Sri Lanka'),
	('LR', 'Liberia'),
	('LS', 'Lesotho'),
	('LT', 'Lithuania'),
	('LU', 'Luxembourg'),
	('LV', 'Latvia'),
	('LY', 'Libya'),
	('MA', 'Morocco'),
	('MC', 'Monaco'),
	('MD', 'Moldova'),
	('MG', 'Madagascar'),
	('MH', 'Marshall Islands'),
	('MK', 'Macedonia'),
	('ML', 'Mali'),
	('MM', 'Myanmar'),
	('MN', 'Mongolia'),
	('MO', 'Macau'),
	('MP', 'Northern Mariana Islands'),
	('MQ', 'Martinique'),
	('MR', 'Mauritania'),
	('MS', 'Montserrat'),
	('MT', 'Malta'),
	('MU', 'Mauritius'),
	('MV', 'Maldives'),
	('MW', 'Malawi'),
	('MX', 'Mexico'),
	('MY', 'Malaysia'),
	('MZ', 'Mozambique'),
	('NA', 'Namibia'),
	('NC', 'New Caledonia'),
	('NE', 'Niger'),
	('NF', 'Norfolk Island'),
	('NG', 'Nigeria'),
	('NI', 'Nicaragua'),
	('NL', 'Netherlands'),
	('NO', 'Norway'),
	('NP', 'Nepal'),
	('NR', 'Nauru'),
	('NU', 'Niue'),
	('NZ', 'New Zealand'),
	('OM', 'Oman'),
	('PA', 'Panama'),
	('PE', 'Peru'),
	('PF', 'Polynesia'),
	('PG', 'Papua New Guinea'),
	('PH', 'Philippines'),
	('PK', 'Pakistan'),
	('PL', 'Poland'),
	('PM', 'Saint Pierre and Miquelon'),
	('PN', 'Pitcairn'),
	('PO', 'Polandia'),
	('PR', 'Puerto Rico'),
	('PS', 'Palestinian Territory'),
	('PT', 'Portugal'),
	('PW', 'Palau'),
	('PY', 'Paraguay'),
	('QA', 'Qatar'),
	('RE', 'Reunion'),
	('RO', 'Romania'),
	('RU', 'Russian Federation'),
	('RW', 'Rwanda'),
	('SA', 'Saudi Arabia'),
	('SB', 'Solomon Islands'),
	('SC', 'Seychelles'),
	('SD', 'Sudan'),
	('SE', 'Sweden'),
	('SG', 'Singapore'),
	('SH', 'Saint Helena'),
	('SI', 'Slovenia'),
	('SK', 'Slovakia'),
	('SL', 'Sierra Leone'),
	('SM', 'San Marino'),
	('SN', 'Senegal'),
	('SO', 'Somalia'),
	('SR', 'Suriname'),
	('ST', 'Sao Tome and Principe'),
	('SU', 'Selandia Baru'),
	('SV', 'El Salvador'),
	('SY', 'Syrian Arab Republic'),
	('SZ', 'Swaziland'),
	('TC', 'Turks and Caicos Islands'),
	('TD', 'Chad'),
	('TF', 'French Southern Territories'),
	('TG', 'Togo'),
	('TH', 'Thailand'),
	('TJ', 'Tajikistan'),
	('TK', 'Tokelau'),
	('TM', 'Turkmenistan'),
	('TN', 'Tunisia'),
	('TO', 'Tonga'),
	('TP', 'East Timor'),
	('TR', 'Turkey'),
	('TT', 'Trinidad and Tobago'),
	('TV', 'Tuvalu'),
	('TW', 'Taiwan'),
	('TZ', 'Tanzania'),
	('UA', 'Ukraine'),
	('UG', 'Uganda'),
	('UK', 'United Kingdom'),
	('UM', 'USA Minor Outlying Islands'),
	('US', 'United States of America'),
	('UY', 'Uruguay'),
	('UZ', 'Uzbekistan'),
	('VA', 'Vatican (Holy See)'),
	('VC', 'Saint Vincent and Grenadines'),
	('VE', 'Venezuela'),
	('VG', 'Virgin Islands (British)'),
	('VI', 'Virgin Islands (USA)'),
	('VN', 'Vietnam'),
	('VU', 'Vanuatu'),
	('WF', 'Wallis and Futuna Islands'),
	('WS', 'Samoa'),
	('YE', 'Yemen'),
	('YT', 'Mayotte'),
	('YU', 'Yugoslavia'),
	('ZA', 'South Africa'),
	('ZM', 'Zambia'),
	('ZR', 'Zaire'),
	('ZW', 'Zimbabwe');

-- Dumping structure for table sifung.tblpresen
CREATE TABLE IF NOT EXISTS `tblpresen` (
  `kdpresen` char(1) DEFAULT NULL,
  `presen` varchar(200) CHARACTER SET utf8mb4 COLLATE utf8mb4_0900_ai_ci DEFAULT NULL,
  KEY `kdpresen` (`kdpresen`)
) ENGINE=InnoDB DEFAULT CHARSET=utf8mb4 COLLATE=utf8mb4_0900_ai_ci COMMENT='tabel pilihan identifikasi kondisi hewan saat berdiri';

-- Dumping data for table sifung.tblpresen: ~4 rows (approximately)
INSERT INTO `tblpresen` (`kdpresen`, `presen`) VALUES
	('a', 'Kondisi berdiri tampak normal dan ideal'),
	('b', 'Kondisi berdiri tampak normal namun tidak ideal'),
	('c', 'Kondisi berdiri tampak awal kurang normal, namun bisa menjadi normal'),
	('d', 'Kondisi berdiri tampak kurang normal akibat kelelahan transportasi');

-- Dumping structure for table sifung.tblrekam
CREATE TABLE IF NOT EXISTS `tblrekam` (
  `kdrekam` char(1) DEFAULT NULL,
  `rekam` varchar(200) CHARACTER SET utf8mb4 COLLATE utf8mb4_0900_ai_ci DEFAULT NULL,
  KEY `kdrekam` (`kdrekam`)
) ENGINE=InnoDB DEFAULT CHARSET=utf8mb4 COLLATE=utf8mb4_0900_ai_ci COMMENT='tabel berisi data hasil rekaman medis hewan';

-- Dumping data for table sifung.tblrekam: ~2 rows (approximately)
INSERT INTO `tblrekam` (`kdrekam`, `rekam`) VALUES
	('a', 'Ada rekam medis yang diketahui dan bisa menjadi rujukan bahwa riwayat kesehatan hewan baik'),
	('b', 'Ada rekam medis yang dilampirkan, dengan data yang bisa diverifikasi dengan baik');

-- Dumping structure for table sifung.tblriwayat
CREATE TABLE IF NOT EXISTS `tblriwayat` (
  `kdriwayat` varchar(1) DEFAULT NULL,
  `riwayat` varchar(200) CHARACTER SET utf8mb4 COLLATE utf8mb4_0900_ai_ci DEFAULT NULL,
  KEY `kdriwayat` (`kdriwayat`)
) ENGINE=InnoDB DEFAULT CHARSET=utf8mb4 COLLATE=utf8mb4_0900_ai_ci COMMENT='tabel riwayat kesehatan hewan';

-- Dumping data for table sifung.tblriwayat: ~0 rows (approximately)
INSERT INTO `tblriwayat` (`kdriwayat`, `riwayat`) VALUES
	('a', 'Ada riwayat kesehatan berupa dokumen kesehatan dari instansi terkait'),
	('b', 'Ada riwayat kesehatan berupa buku vaksinasi');

-- Dumping structure for table sifung.tblsentuh
CREATE TABLE IF NOT EXISTS `tblsentuh` (
  `kdsentuh` char(1) DEFAULT NULL,
  `sentuh` varchar(200) CHARACTER SET utf8mb4 COLLATE utf8mb4_0900_ai_ci DEFAULT NULL,
  KEY `kdsentuh` (`kdsentuh`)
) ENGINE=InnoDB DEFAULT CHARSET=utf8mb4 COLLATE=utf8mb4_0900_ai_ci COMMENT='tabel berisi pilihan hasil palpasi, auskuttasi dan perkusi';

-- Dumping data for table sifung.tblsentuh: ~2 rows (approximately)
INSERT INTO `tblsentuh` (`kdsentuh`, `sentuh`) VALUES
	('a', 'Hasil palpasi tidak ditemukan abnormalitas'),
	('b', 'Hasil auskultasi tidak ditemukan abnormalitas'),
	('c', 'Hasil perkusi tidak ditemukan abnormalitas');

-- Dumping structure for table sifung.tblsikonangkut
CREATE TABLE IF NOT EXISTS `tblsikonangkut` (
  `kdsikon` char(1) DEFAULT NULL,
  `sikon` char(100) CHARACTER SET utf8mb4 COLLATE utf8mb4_0900_ai_ci DEFAULT NULL,
  KEY `kdsikon` (`kdsikon`)
) ENGINE=InnoDB DEFAULT CHARSET=utf8mb4 COLLATE=utf8mb4_0900_ai_ci COMMENT='tabel situasi dan kondisi kelayakan alat angkut';

-- Dumping data for table sifung.tblsikonangkut: ~4 rows (approximately)
INSERT INTO `tblsikonangkut` (`kdsikon`, `sikon`) VALUES
	('a', 'Sangat layak'),
	('b', 'Layak'),
	('c', 'Layak dan telah ditingkatkan menjadi sangat layak'),
	('d', 'Kurang layak, namun sudah dilakukan perbaikan menjadi layak');

-- Dumping structure for table sifung.tblstatdok
CREATE TABLE IF NOT EXISTS `tblstatdok` (
  `kdstatus` char(50) DEFAULT NULL,
  `sikonstatus` int DEFAULT NULL
) ENGINE=InnoDB DEFAULT CHARSET=utf8mb4 COLLATE=utf8mb4_0900_ai_ci COMMENT='tabel referensi status dokumen';

-- Dumping data for table sifung.tblstatdok: ~0 rows (approximately)

-- Dumping structure for table sifung.tblsuhu
CREATE TABLE IF NOT EXISTS `tblsuhu` (
  `kdhewan` char(50) CHARACTER SET utf8mb4 COLLATE utf8mb4_0900_ai_ci DEFAULT NULL,
  `suhu` char(50) CHARACTER SET utf8mb4 COLLATE utf8mb4_0900_ai_ci DEFAULT NULL
) ENGINE=InnoDB DEFAULT CHARSET=utf8mb4 COLLATE=utf8mb4_0900_ai_ci COMMENT='suhu';

-- Dumping data for table sifung.tblsuhu: ~0 rows (approximately)
INSERT INTO `tblsuhu` (`kdhewan`, `suhu`) VALUES
	('1AA1A', '37');

-- Dumping structure for table sifung.tblturgor
CREATE TABLE IF NOT EXISTS `tblturgor` (
  `kdturgor` char(1) CHARACTER SET utf8mb4 COLLATE utf8mb4_0900_ai_ci DEFAULT NULL COMMENT 'kodeb turgor',
  `turgor` varchar(200) CHARACTER SET utf8mb4 COLLATE utf8mb4_0900_ai_ci DEFAULT NULL COMMENT 'keterangan ttg turgor',
  KEY `kdturgor` (`kdturgor`)
) ENGINE=InnoDB DEFAULT CHARSET=utf8mb4 COLLATE=utf8mb4_0900_ai_ci COMMENT='tabel berisi data pilihan hasil pemeriksaan turgor kulit';

-- Dumping data for table sifung.tblturgor: ~2 rows (approximately)
INSERT INTO `tblturgor` (`kdturgor`, `turgor`) VALUES
	('a', 'Turgor kulit normal'),
	('b', 'Turgor kulit tidak menunjukkan kondisi dehidrasi');

/*!40103 SET TIME_ZONE=IFNULL(@OLD_TIME_ZONE, 'system') */;
/*!40101 SET SQL_MODE=IFNULL(@OLD_SQL_MODE, '') */;
/*!40014 SET FOREIGN_KEY_CHECKS=IFNULL(@OLD_FOREIGN_KEY_CHECKS, 1) */;
/*!40101 SET CHARACTER_SET_CLIENT=@OLD_CHARACTER_SET_CLIENT */;
/*!40111 SET SQL_NOTES=IFNULL(@OLD_SQL_NOTES, 1) */;
